Fecha,Cierre,Apertura,MÃ¡ximo,MÃ­nimo,Quarter,Weekday
2012-01-06,27.72,28.89,29.15,27.39,1,Friday
2012-01-08,20.88,21.5,21.58,20.84,1,Sunday
2012-01-10,21.99,22.08,22.59,21.73,1,Tuesday
2012-01-11,21.21,21.08,21.44,21.01,1,Wednesday
2012-02-07,30.77,31.25,31.73,30.55,1,Tuesday
2012-02-08,20.04,20.77,20.84,19.82,1,Wednesday
2012-02-10,22.27,22.08,22.49,21.82,1,Friday
2012-02-11,21.18,21.26,21.69,21.07,1,Saturday
2012-03-07,31.2,30.91,31.44,30.8,1,Wednesday
2012-03-08,21.09,20.36,22.16,19.9,1,Thursday
2012-03-10,21.83,22.3,22.49,21.8,1,Saturday
2012-03-12,27.04,28.0,28.88,26.98,1,Monday
2012-04-06,26.9,27.2,27.65,26.44,2,Friday
2012-04-09,17.73,18.08,18.27,17.55,2,Monday
2012-04-10,21.95,22.32,22.4,21.41,2,Tuesday
2012-04-12,27.46,27.06,27.76,26.68,2,Thursday
2012-05-06,25.87,26.7,27.76,25.75,2,Sunday
2012-05-07,31.47,31.32,31.62,31.02,2,Monday
2012-05-09,18.58,18.27,18.75,18.18,2,Wednesday
2012-05-10,20.91,21.49,21.63,20.88,2,Thursday
2012-05-11,21.25,21.1,21.48,20.92,2,Friday
2012-05-12,27.71,27.75,27.9,27.26,2,Saturday
2012-05-18,38.23,42.05,45.0,38.0,2,Friday
2012-05-21,34.03,36.53,36.66,33.0,2,Monday
2012-05-22,31.0,32.61,33.59,30.94,2,Tuesday
2012-05-23,32.0,31.37,32.5,31.36,2,Wednesday
2012-05-24,33.03,32.95,33.21,31.77,2,Thursday
2012-05-25,31.91,32.9,32.95,31.11,2,Friday
2012-05-29,28.84,31.48,31.69,28.65,2,Tuesday
2012-05-30,28.19,28.7,29.55,27.86,2,Wednesday
2012-05-31,29.6,28.55,29.67,26.83,2,Thursday
2012-06-06,26.81,26.07,27.17,25.52,2,Wednesday
2012-06-07,31.73,31.44,31.9,31.26,2,Thursday
2012-06-08,21.92,21.39,22.15,21.3,2,Friday
2012-06-09,18.96,18.74,19.26,18.72,2,Saturday
2012-06-11,21.17,21.24,21.37,20.99,2,Monday
2012-06-12,26.97,27.68,27.75,26.82,2,Tuesday
2012-06-13,27.27,27.66,28.1,27.1,2,Wednesday
2012-06-14,28.29,27.65,28.32,27.38,2,Thursday
2012-06-15,30.01,28.5,30.1,28.35,2,Friday
2012-06-18,31.41,29.95,32.08,29.41,2,Monday
2012-06-19,31.91,31.54,32.18,30.7,2,Tuesday
2012-06-20,31.6,31.92,31.93,31.15,2,Wednesday
2012-06-21,31.84,31.67,32.5,31.51,2,Thursday
2012-06-22,33.05,32.41,33.45,32.06,2,Friday
2012-06-25,32.06,32.86,33.02,31.55,2,Monday
2012-06-26,33.1,32.69,33.44,32.5,2,Tuesday
2012-06-27,32.23,32.46,32.9,31.9,2,Wednesday
2012-06-28,31.36,31.96,32.19,30.9,2,Thursday
2012-06-29,31.09,31.92,31.99,30.76,2,Friday
2012-07-06,26.31,27.0,27.35,26.15,3,Friday
2012-07-08,20.72,22.2,22.45,20.5,3,Sunday
2012-07-09,18.98,19.1,19.42,18.78,3,Monday
2012-07-11,20.47,20.85,20.95,20.37,3,Wednesday
2012-07-12,27.48,27.07,27.78,26.84,3,Thursday
2012-07-13,30.72,31.04,31.07,30.56,3,Friday
2012-07-16,28.25,30.5,30.5,28.21,3,Monday
2012-07-17,28.09,28.48,28.59,27.15,3,Tuesday
2012-07-18,29.11,28.31,29.29,28.15,3,Wednesday
2012-07-19,29.0,29.41,29.5,28.63,3,Thursday
2012-07-20,28.76,29.0,29.47,28.72,3,Friday
2012-07-23,28.75,28.12,29.0,28.01,3,Monday
2012-07-24,28.45,28.82,29.45,28.1,3,Tuesday
2012-07-25,29.34,28.39,29.49,28.08,3,Wednesday
2012-07-26,26.84,27.75,28.23,26.73,3,Thursday
2012-07-27,23.7,23.19,24.54,22.28,3,Friday
2012-07-30,23.15,24.0,24.04,23.03,3,Monday
2012-07-31,21.71,23.37,23.37,21.61,3,Tuesday
2012-08-06,27.1,26.55,27.76,26.44,3,Monday
2012-08-08,20.72,20.71,21.15,20.22,3,Wednesday
2012-08-10,20.4,20.4,20.75,20.16,3,Friday
2012-08-11,19.99,20.52,20.73,19.98,3,Saturday
2012-08-13,21.6,22.15,22.45,21.4,3,Monday
2012-08-14,20.38,21.41,21.6,20.25,3,Tuesday
2012-08-15,21.2,20.64,21.41,20.4,3,Wednesday
2012-08-16,19.87,20.44,20.48,19.69,3,Thursday
2012-08-17,19.05,20.0,20.08,19.0,3,Friday
2012-08-20,20.01,19.05,20.13,18.75,3,Monday
2012-08-21,19.16,19.58,19.98,19.09,3,Tuesday
2012-08-22,19.44,19.36,19.53,18.96,3,Wednesday
2012-08-23,19.44,19.5,19.73,19.36,3,Thursday
2012-08-24,19.41,19.52,19.68,19.25,3,Friday
2012-08-27,19.15,19.49,19.53,19.1,3,Monday
2012-08-28,19.34,19.1,19.38,18.95,3,Tuesday
2012-08-29,19.1,19.32,19.38,19.07,3,Wednesday
2012-08-30,19.09,19.27,19.45,19.06,3,Thursday
2012-08-31,18.06,18.68,18.7,18.03,3,Friday
2012-09-07,32.17,32.1,32.88,31.99,3,Friday
2012-09-08,21.01,20.75,21.17,20.61,3,Saturday
2012-09-10,20.23,20.39,20.55,19.97,3,Monday
2012-09-11,19.21,19.95,20.0,19.13,3,Tuesday
2012-09-13,20.71,20.95,21.48,20.61,3,Thursday
2012-09-14,22.0,21.13,22.08,20.9,3,Friday
2012-09-17,21.52,22.67,22.75,21.5,3,Monday
2012-09-18,21.87,21.6,21.98,21.37,3,Tuesday
2012-09-19,23.29,21.99,23.37,21.77,3,Wednesday
2012-09-20,22.59,23.02,23.24,22.54,3,Thursday
2012-09-21,22.86,22.97,23.24,22.6,3,Friday
2012-09-24,20.79,21.78,21.98,20.36,3,Monday
2012-09-25,20.28,21.2,21.21,20.22,3,Tuesday
2012-09-26,20.62,20.14,20.78,19.8,3,Wednesday
2012-09-27,20.32,20.99,21.0,20.16,3,Thursday
2012-09-28,21.66,20.57,21.95,20.5,3,Friday
2012-10-07,31.47,32.43,32.48,31.16,4,Sunday
2012-10-08,21.81,21.41,21.82,21.13,4,Monday
2012-10-09,18.81,19.06,19.2,18.55,4,Tuesday
2012-10-10,19.64,19.93,19.94,19.45,4,Wednesday
2012-10-12,27.84,27.17,28.17,27.1,4,Friday
2012-10-15,19.52,19.68,19.88,19.49,4,Monday
2012-10-16,19.48,19.68,19.69,19.3,4,Tuesday
2012-10-17,19.88,19.5,20.48,19.37,4,Wednesday
2012-10-18,18.98,19.7,19.79,18.89,4,Thursday
2012-10-19,19.0,19.0,19.06,18.8,4,Friday
2012-10-22,19.32,19.2,19.43,19.05,4,Monday
2012-10-23,19.5,19.25,19.8,19.1,4,Tuesday
2012-10-24,23.23,24.13,24.25,22.85,4,Wednesday
2012-10-25,22.56,23.29,23.31,22.47,4,Thursday
2012-10-26,21.94,22.4,22.88,21.88,4,Friday
2012-10-31,21.11,20.82,21.5,20.73,4,Wednesday
2012-11-06,27.0,27.18,28.07,26.84,4,Tuesday
2012-11-07,30.97,31.48,31.56,30.55,4,Wednesday
2012-11-09,19.43,18.92,19.58,18.85,4,Friday
2012-11-10,19.75,19.88,19.96,19.61,4,Saturday
2012-11-12,27.98,28.07,28.24,27.66,4,Monday
2012-11-13,19.86,19.61,20.11,19.56,4,Tuesday
2012-11-14,22.36,20.1,22.5,19.93,4,Wednesday
2012-11-15,22.17,22.34,22.5,21.65,4,Thursday
2012-11-16,23.56,22.25,23.93,22.18,4,Friday
2012-11-19,22.92,23.95,24.12,22.82,4,Monday
2012-11-20,23.1,22.73,23.9,22.7,4,Tuesday
2012-11-21,24.32,23.22,24.53,23.05,4,Wednesday
2012-11-23,24.0,24.58,24.68,23.88,4,Friday
2012-11-26,25.94,24.93,26.09,24.81,4,Monday
2012-11-27,26.15,26.04,26.5,25.46,4,Tuesday
2012-11-28,26.36,25.94,26.49,25.75,4,Wednesday
2012-11-29,27.32,26.5,27.52,26.16,4,Thursday
2012-11-30,28.0,27.26,28.0,26.76,4,Friday
2012-12-06,27.4,27.48,27.77,26.96,4,Thursday
2012-12-07,30.81,30.7,31.4,30.6,4,Friday
2012-12-09,20.93,20.76,21.16,20.28,4,Sunday
2012-12-10,19.52,19.75,19.8,19.48,4,Monday
2012-12-11,20.07,19.15,20.17,18.87,4,Tuesday
2012-12-12,27.58,28.0,28.14,27.37,4,Wednesday
2012-12-13,28.24,27.59,28.75,27.43,4,Thursday
2012-12-14,26.81,28.18,28.33,26.76,4,Friday
2012-12-17,26.75,26.77,27.0,26.32,4,Monday
2012-12-18,27.71,26.96,27.91,26.9,4,Tuesday
2012-12-19,27.41,27.83,28.22,26.95,4,Wednesday
2012-12-20,27.36,27.49,27.6,27.13,4,Thursday
2012-12-21,26.26,26.66,27.01,26.12,4,Friday
2012-12-24,26.93,26.5,26.96,26.2,4,Monday
2012-12-26,26.51,27.03,27.18,26.38,4,Wednesday
2012-12-27,26.05,26.55,26.8,25.52,4,Thursday
2012-12-28,25.91,25.48,26.11,25.15,4,Friday
2012-12-31,26.62,26.2,26.99,26.11,4,Monday
2013-01-02,29.73,31.01,31.02,29.63,1,Wednesday
2013-01-03,27.78,27.05,28.12,26.81,1,Thursday
2013-01-04,25.53,25.63,25.89,25.28,1,Friday
2013-01-05,27.43,27.85,27.91,27.31,1,Saturday
2013-01-07,24.81,24.97,25.06,24.62,1,Monday
2013-01-08,37.49,37.3,38.29,36.92,1,Tuesday
2013-01-10,50.42,49.97,51.03,49.45,1,Thursday
2013-01-11,49.75,50.85,52.09,49.72,1,Friday
2013-01-14,30.95,32.08,32.21,30.62,1,Monday
2013-01-15,30.1,30.64,31.71,29.88,1,Tuesday
2013-01-16,29.85,30.21,30.35,29.53,1,Wednesday
2013-01-17,30.14,30.08,30.42,30.03,1,Thursday
2013-01-18,29.66,30.31,30.44,29.27,1,Friday
2013-01-22,30.73,29.75,30.89,29.74,1,Tuesday
2013-01-23,30.82,31.1,31.5,30.8,1,Wednesday
2013-01-24,31.08,31.27,31.49,30.81,1,Thursday
2013-01-25,31.54,31.41,31.93,31.13,1,Friday
2013-01-28,32.47,31.88,32.51,31.81,1,Monday
2013-01-29,30.79,32.0,32.07,30.71,1,Tuesday
2013-01-30,31.24,30.98,31.49,30.88,1,Wednesday
2013-01-31,30.98,29.15,31.47,28.74,1,Thursday
2013-02-01,28.0,27.44,28.18,27.42,1,Friday
2013-02-04,25.42,25.77,26.12,25.3,1,Monday
2013-02-05,28.97,28.01,29.02,27.98,1,Tuesday
2013-02-07,24.41,24.7,24.77,24.3,1,Thursday
2013-02-08,38.05,37.66,38.49,37.5,1,Friday
2013-02-10,50.28,50.13,51.1,49.95,1,Sunday
2013-02-12,47.06,46.9,47.54,46.26,1,Tuesday
2013-02-13,27.91,27.36,28.32,27.31,1,Wednesday
2013-02-14,28.5,28.02,28.63,28.01,1,Thursday
2013-02-15,28.32,28.52,28.75,28.09,1,Friday
2013-02-19,28.93,28.23,29.08,28.12,1,Tuesday
2013-02-20,28.46,28.92,29.05,28.33,1,Wednesday
2013-02-21,27.28,28.28,28.55,27.15,1,Thursday
2013-02-22,27.13,27.62,27.63,26.82,1,Friday
2013-02-25,27.27,27.16,27.64,27.15,1,Monday
2013-02-26,27.39,27.36,27.46,26.7,1,Tuesday
2013-02-27,26.87,27.34,27.34,26.63,1,Wednesday
2013-02-28,27.25,26.84,27.3,26.34,1,Thursday
2013-03-01,27.77,27.88,28.47,27.59,1,Friday
2013-03-04,26.25,25.83,26.39,25.7,1,Monday
2013-03-05,28.31,29.04,29.07,28.15,1,Tuesday
2013-03-06,23.85,24.27,24.32,23.71,1,Wednesday
2013-03-07,24.52,24.22,24.71,24.15,1,Thursday
2013-03-09,41.87,41.84,42.16,41.51,1,Saturday
2013-03-10,49.18,50.47,50.72,49.06,1,Sunday
2013-03-12,46.73,46.75,47.2,46.29,1,Tuesday
2013-03-13,27.08,27.62,27.65,26.92,1,Wednesday
2013-03-14,27.04,27.1,27.43,26.83,1,Thursday
2013-03-15,26.64,27.03,27.06,26.56,1,Friday
2013-03-18,26.49,26.37,26.79,25.78,1,Monday
2013-03-19,26.55,26.53,26.9,26.21,1,Tuesday
2013-03-20,25.86,26.68,26.69,25.78,1,Wednesday
2013-03-21,25.74,25.66,26.11,25.56,1,Thursday
2013-03-22,25.73,25.8,26.01,25.63,1,Friday
2013-03-25,25.13,25.75,25.8,25.08,1,Monday
2013-03-26,25.2,25.08,25.48,25.03,1,Tuesday
2013-03-27,26.09,25.0,26.28,24.72,1,Wednesday
2013-03-28,25.58,26.09,26.17,25.52,1,Thursday
2013-04-01,28.76,28.01,28.93,27.83,2,Monday
2013-04-02,28.11,29.06,29.2,28.01,2,Tuesday
2013-04-03,27.72,27.76,28.06,27.44,2,Wednesday
2013-04-04,27.07,26.62,27.23,26.11,2,Thursday
2013-04-06,23.52,23.89,23.93,23.32,2,Saturday
2013-04-09,41.78,42.01,42.17,41.44,2,Tuesday
2013-04-10,51.04,49.77,51.16,49.57,2,Wednesday
2013-04-11,48.22,49.37,49.75,48.02,2,Thursday
2013-04-12,48.62,46.46,48.77,46.26,2,Friday
2013-04-15,26.52,27.16,27.48,26.36,2,Monday
2013-04-16,26.92,26.81,27.11,26.4,2,Tuesday
2013-04-17,26.62,26.65,27.2,26.39,2,Wednesday
2013-04-18,25.69,26.82,26.82,25.15,2,Thursday
2013-04-19,25.73,25.62,25.96,25.33,2,Friday
2013-04-22,25.97,25.81,26.36,25.7,2,Monday
2013-04-23,25.98,26.21,26.33,25.77,2,Tuesday
2013-04-24,26.11,25.93,26.4,25.8,2,Wednesday
2013-04-25,26.14,26.07,26.4,26.0,2,Thursday
2013-04-26,26.85,26.6,27.62,26.6,2,Friday
2013-04-29,26.98,27.16,27.41,26.86,2,Monday
2013-04-30,27.77,27.13,27.85,27.0,2,Tuesday
2013-05-02,28.64,28.26,28.96,28.04,2,Thursday
2013-05-03,27.52,27.88,28.18,27.21,2,Friday
2013-05-04,27.39,26.86,27.8,26.61,2,Saturday
2013-05-06,22.9,23.35,23.7,22.79,2,Monday
2013-05-07,24.37,24.65,24.66,24.2,2,Tuesday
2013-05-08,39.19,38.43,39.32,38.25,2,Wednesday
2013-05-09,42.66,41.79,42.77,41.77,2,Thursday
2013-05-11,50.1,47.79,50.18,47.51,2,Saturday
2013-05-12,48.34,48.15,48.7,47.87,2,Sunday
2013-05-13,26.82,26.6,27.32,26.53,2,Monday
2013-05-14,27.07,26.89,27.28,26.82,2,Tuesday
2013-05-15,26.6,26.92,26.99,26.4,2,Wednesday
2013-05-16,26.13,26.48,26.55,25.9,2,Thursday
2013-05-17,26.25,26.4,26.6,26.2,2,Friday
2013-05-20,25.76,26.18,26.19,25.69,2,Monday
2013-05-21,25.66,25.87,26.07,25.59,2,Tuesday
2013-05-22,25.16,25.65,25.85,24.92,2,Wednesday
2013-05-23,25.06,24.8,25.53,24.77,2,Thursday
2013-05-24,24.31,24.97,24.97,24.08,2,Friday
2013-05-28,24.1,24.54,24.54,23.92,2,Tuesday
2013-05-29,23.32,23.79,23.81,23.26,2,Wednesday
2013-05-30,24.55,24.13,24.78,23.93,2,Thursday
2013-05-31,24.35,24.63,24.95,24.27,2,Friday
2013-06-02,29.05,28.74,29.29,28.66,2,Sunday
2013-06-03,27.45,28.1,28.13,27.35,2,Monday
2013-06-05,27.57,28.33,28.46,27.48,2,Wednesday
2013-06-06,22.97,22.99,23.09,22.67,2,Thursday
2013-06-08,38.55,39.11,39.25,37.94,2,Saturday
2013-06-09,43.95,43.09,44.61,42.4,2,Sunday
2013-06-11,49.12,50.26,50.45,48.71,2,Tuesday
2013-06-12,47.94,48.98,49.39,47.71,2,Wednesday
2013-06-13,23.73,23.72,23.83,23.27,2,Thursday
2013-06-14,23.63,23.56,23.89,23.26,2,Friday
2013-06-17,24.02,23.91,24.25,23.75,2,Monday
2013-06-18,24.21,24.09,24.69,24.08,2,Tuesday
2013-06-19,24.31,24.2,25.19,24.1,2,Wednesday
2013-06-20,23.9,24.28,24.75,23.65,2,Thursday
2013-06-21,24.53,24.59,24.7,24.05,2,Friday
2013-06-24,23.93,23.95,24.11,23.38,2,Monday
2013-06-25,24.25,24.14,24.43,24.04,2,Tuesday
2013-06-26,24.16,24.51,24.65,23.99,2,Wednesday
2013-06-27,24.66,24.24,24.84,24.21,2,Thursday
2013-06-28,24.88,24.68,24.98,24.42,2,Friday
2013-07-01,29.42,28.69,29.79,28.65,3,Monday
2013-07-02,28.65,29.11,29.15,28.27,3,Tuesday
2013-07-03,28.58,27.57,28.68,27.47,3,Wednesday
2013-07-05,26.89,27.55,27.85,26.85,3,Friday
2013-07-06,23.29,23.03,23.4,22.86,3,Saturday
2013-07-08,38.87,38.61,38.94,37.7,3,Monday
2013-07-10,50.52,50.73,51.29,50.4,3,Wednesday
2013-07-11,47.56,49.24,49.87,47.3,3,Thursday
2013-07-15,26.28,25.93,26.43,25.65,3,Monday
2013-07-16,26.32,26.39,26.75,26.01,3,Tuesday
2013-07-17,26.65,26.37,26.78,26.3,3,Wednesday
2013-07-18,26.18,26.75,26.77,26.12,3,Thursday
2013-07-19,25.88,25.82,26.11,25.6,3,Friday
2013-07-22,26.05,25.99,26.13,25.72,3,Monday
2013-07-23,26.13,26.1,26.3,25.97,3,Tuesday
2013-07-24,26.51,26.32,26.53,26.05,3,Wednesday
2013-07-25,34.36,33.55,34.88,32.75,3,Thursday
2013-07-26,34.01,33.77,34.73,33.56,3,Friday
2013-07-29,35.43,34.07,35.63,34.01,3,Monday
2013-07-30,37.63,35.65,37.96,35.32,3,Tuesday
2013-07-31,36.8,37.96,38.31,36.33,3,Wednesday
2013-08-01,29.06,29.51,29.6,28.86,3,Thursday
2013-08-02,28.55,28.89,29.17,28.51,3,Friday
2013-08-03,27.96,28.43,28.47,27.73,3,Saturday
2013-08-04,26.85,27.19,27.2,26.63,3,Sunday
2013-08-05,27.12,26.88,27.3,26.65,3,Monday
2013-08-07,24.71,24.47,25.04,24.42,3,Wednesday
2013-08-08,38.54,39.13,39.19,38.43,3,Thursday
2013-08-10,47.14,50.6,50.6,47.08,3,Saturday
2013-08-11,47.53,47.81,48.65,47.25,3,Sunday
2013-08-13,37.02,38.24,38.32,36.77,3,Tuesday
2013-08-14,36.65,36.83,37.55,36.62,3,Wednesday
2013-08-15,36.56,36.36,37.07,36.02,3,Thursday
2013-08-16,37.08,36.97,37.49,36.9,3,Friday
2013-08-19,37.81,37.43,38.28,37.14,3,Monday
2013-08-20,38.41,38.35,38.58,37.69,3,Tuesday
2013-08-21,38.32,38.38,38.85,38.15,3,Wednesday
2013-08-22,38.55,38.37,38.75,38.34,3,Thursday
2013-08-23,40.55,39.0,40.63,38.93,3,Friday
2013-08-26,41.34,40.9,41.94,40.62,3,Monday
2013-08-27,39.64,40.68,41.2,39.42,3,Tuesday
2013-08-28,40.55,39.96,40.85,39.88,3,Wednesday
2013-08-29,41.28,40.89,41.78,40.8,3,Thursday
2013-08-30,41.29,42.02,42.26,41.06,3,Friday
2013-09-01,30.59,29.67,30.6,29.49,3,Sunday
2013-09-04,26.59,26.58,26.89,26.42,3,Wednesday
2013-09-05,27.04,27.08,27.55,26.85,3,Thursday
2013-09-07,25.48,25.07,25.49,25.03,3,Saturday
2013-09-08,38.5,38.59,38.74,38.01,3,Sunday
2013-09-09,44.04,44.36,44.79,43.7,3,Monday
2013-09-10,46.77,47.38,47.84,45.26,3,Tuesday
2013-09-12,48.84,48.09,48.97,47.74,3,Thursday
2013-09-13,44.31,45.04,45.08,43.93,3,Friday
2013-09-16,42.51,44.85,44.94,42.43,3,Monday
2013-09-17,45.07,42.5,45.44,42.43,3,Tuesday
2013-09-18,45.23,44.84,45.47,44.4,3,Wednesday
2013-09-19,45.98,45.51,46.05,45.23,3,Thursday
2013-09-20,47.49,46.32,47.6,45.74,3,Friday
2013-09-23,47.19,47.28,47.55,46.29,3,Monday
2013-09-24,48.45,48.51,49.66,48.16,3,Tuesday
2013-09-25,49.46,49.23,49.54,48.46,3,Wednesday
2013-09-26,50.39,50.01,50.6,49.5,3,Thursday
2013-09-27,51.24,50.29,51.28,49.86,3,Friday
2013-09-30,50.23,50.14,51.6,49.8,3,Monday
2013-10-01,31.3,30.6,31.45,30.28,4,Tuesday
2013-10-04,27.57,27.01,27.84,26.9,4,Friday
2013-10-05,26.68,27.14,27.3,26.57,4,Saturday
2013-10-06,24.33,24.06,24.6,23.99,4,Sunday
2013-10-07,25.8,25.58,25.83,25.47,4,Monday
2013-10-09,43.6,44.24,44.26,43.23,4,Wednesday
2013-10-10,49.05,47.87,49.68,47.83,4,Thursday
2013-10-12,50.24,48.64,50.77,48.54,4,Saturday
2013-10-14,49.51,48.31,49.63,47.91,4,Monday
2013-10-15,49.5,49.99,51.0,49.18,4,Tuesday
2013-10-16,51.13,50.04,51.24,49.9,4,Wednesday
2013-10-17,52.21,51.12,52.22,50.95,4,Thursday
2013-10-18,54.22,54.18,54.83,53.6,4,Friday
2013-10-21,53.85,54.68,54.81,53.51,4,Monday
2013-10-22,52.67,54.33,54.76,52.2,4,Tuesday
2013-10-23,51.9,51.75,52.25,51.13,4,Wednesday
2013-10-24,52.45,52.38,52.84,51.59,4,Thursday
2013-10-25,51.95,53.18,53.24,51.88,4,Friday
2013-10-28,50.23,51.54,51.7,49.61,4,Monday
2013-10-29,49.4,50.73,50.79,49.25,4,Tuesday
2013-10-30,49.01,50.0,50.21,48.75,4,Wednesday
2013-10-31,50.2,47.16,52.0,46.5,4,Thursday
2013-11-01,31.72,31.28,31.96,31.1,4,Friday
2013-11-02,28.26,28.61,28.68,28.04,4,Saturday
2013-11-03,28.14,28.01,28.64,27.83,4,Sunday
2013-11-04,28.02,27.48,28.1,27.25,4,Monday
2013-11-06,24.03,24.03,24.35,24.0,4,Wednesday
2013-11-07,25.81,25.96,26.0,25.45,4,Thursday
2013-11-09,45.04,43.39,45.09,43.11,4,Saturday
2013-11-10,49.11,49.18,49.87,48.79,4,Sunday
2013-11-11,46.2,47.04,47.53,45.73,4,Monday
2013-11-12,49.38,50.55,50.77,49.01,4,Tuesday
2013-11-13,48.71,46.23,48.74,46.06,4,Wednesday
2013-11-14,48.99,48.7,49.57,48.03,4,Thursday
2013-11-15,49.01,49.11,49.48,48.71,4,Friday
2013-11-18,45.83,48.47,48.84,45.8,4,Monday
2013-11-19,46.36,46.26,47.0,45.72,4,Tuesday
2013-11-20,46.43,46.61,47.55,46.31,4,Wednesday
2013-11-21,46.7,46.99,47.46,46.69,4,Thursday
2013-11-22,46.23,47.04,47.27,45.96,4,Friday
2013-11-25,44.82,46.36,46.65,44.04,4,Monday
2013-11-26,45.89,44.66,46.17,43.55,4,Tuesday
2013-11-27,46.49,45.97,46.67,45.53,4,Wednesday
2013-11-29,47.01,46.75,47.21,46.5,4,Friday
2013-12-02,27.37,27.67,28.16,27.1,4,Monday
2013-12-03,27.83,28.1,28.32,27.6,4,Tuesday
2013-12-04,27.4,28.0,28.0,27.24,4,Wednesday
2013-12-06,23.77,24.16,24.26,23.58,4,Friday
2013-12-07,25.91,25.74,25.93,25.55,4,Saturday
2013-12-08,38.22,38.2,38.5,38.1,4,Sunday
2013-12-09,44.75,45.53,45.62,44.65,4,Monday
2013-12-11,46.6,46.0,47.37,45.83,4,Wednesday
2013-12-12,51.83,51.05,52.07,50.66,4,Thursday
2013-12-13,53.32,51.66,53.5,51.34,4,Friday
2013-12-16,53.81,53.25,54.5,52.91,4,Monday
2013-12-17,54.86,54.76,55.18,54.24,4,Tuesday
2013-12-18,55.57,54.86,55.89,53.75,4,Wednesday
2013-12-19,55.05,54.33,55.19,53.95,4,Thursday
2013-12-20,55.12,54.93,55.15,54.23,4,Friday
2013-12-23,57.77,55.5,58.32,55.45,4,Monday
2013-12-24,57.96,58.27,58.58,56.91,4,Tuesday
2013-12-26,57.73,58.32,58.38,57.37,4,Thursday
2013-12-27,55.44,57.48,57.68,55.25,4,Friday
2013-12-30,53.71,54.93,55.18,53.43,4,Monday
2013-12-31,54.65,54.12,54.86,53.91,4,Tuesday
2014-01-04,62.62,60.46,62.66,60.24,1,Saturday
2014-01-05,61.15,60.43,62.28,60.21,1,Sunday
2014-01-07,68.06,67.58,68.44,67.39,1,Tuesday
2014-01-08,72.36,72.22,73.22,71.55,1,Wednesday
2014-01-10,76.55,78.78,78.82,75.9,1,Friday
2014-01-12,75.1,77.26,77.31,74.8,1,Sunday
2014-01-13,55.91,57.91,58.25,55.38,1,Monday
2014-01-14,57.74,56.46,57.78,56.1,1,Tuesday
2014-01-15,57.6,57.98,58.57,57.27,1,Wednesday
2014-01-16,57.19,57.26,58.02,56.83,1,Thursday
2014-01-17,56.3,57.3,57.82,56.07,1,Friday
2014-01-21,58.51,56.6,58.58,56.5,1,Tuesday
2014-01-22,57.51,58.85,59.31,57.1,1,Wednesday
2014-01-23,56.63,56.37,56.68,55.69,1,Thursday
2014-01-24,54.45,56.15,56.42,54.4,1,Friday
2014-01-27,53.55,54.73,54.94,51.85,1,Monday
2014-01-28,55.14,54.02,55.28,54.0,1,Tuesday
2014-01-29,53.53,54.61,54.95,53.19,1,Wednesday
2014-01-30,61.08,62.12,62.5,60.46,1,Thursday
2014-01-31,62.57,60.47,63.37,60.17,1,Friday
2014-02-01,54.71,54.83,55.22,54.19,1,Saturday
2014-02-04,62.72,63.21,63.91,62.21,1,Tuesday
2014-02-05,60.46,61.3,61.89,60.18,1,Wednesday
2014-02-06,63.08,63.23,63.59,62.05,1,Thursday
2014-02-07,66.45,68.04,68.3,65.79,1,Friday
2014-02-09,76.68,75.01,76.7,74.82,1,Sunday
2014-02-10,77.08,76.57,77.48,75.64,1,Monday
2014-02-12,75.46,75.33,75.91,75.04,1,Wednesday
2014-02-13,67.33,64.18,67.33,64.05,1,Thursday
2014-02-14,67.09,67.5,67.58,66.72,1,Friday
2014-02-18,67.3,66.94,67.54,66.07,1,Tuesday
2014-02-19,68.06,67.05,69.08,67.0,1,Wednesday
2014-02-20,69.63,67.73,70.11,65.73,1,Thursday
2014-02-21,68.59,69.69,69.96,68.45,1,Friday
2014-02-24,70.78,68.74,71.44,68.54,1,Monday
2014-02-25,69.85,70.95,71.0,69.45,1,Tuesday
2014-02-26,69.26,70.19,71.22,68.85,1,Wednesday
2014-02-27,68.94,69.34,70.01,68.87,1,Thursday
2014-02-28,68.46,69.47,69.88,67.38,1,Friday
2014-03-01,54.56,55.02,55.65,54.53,1,Saturday
2014-03-02,61.48,63.03,63.77,60.7,1,Sunday
2014-03-03,67.41,66.96,68.05,66.51,1,Monday
2014-03-04,59.49,62.55,63.17,59.13,1,Tuesday
2014-03-06,62.87,62.62,63.42,62.32,1,Thursday
2014-03-07,66.29,66.86,67.0,65.76,1,Friday
2014-03-09,75.83,77.14,77.48,75.6,1,Sunday
2014-03-10,77.44,77.76,78.06,77.26,1,Monday
2014-03-11,73.88,75.47,75.52,73.7,1,Tuesday
2014-03-12,74.88,75.38,75.73,74.4,1,Wednesday
2014-03-13,68.83,71.29,71.35,68.15,1,Thursday
2014-03-14,67.72,68.49,69.43,67.46,1,Friday
2014-03-17,68.74,68.18,68.95,66.62,1,Monday
2014-03-18,69.19,68.76,69.6,68.3,1,Tuesday
2014-03-19,68.24,69.17,69.29,67.47,1,Wednesday
2014-03-20,66.97,68.01,68.23,66.82,1,Thursday
2014-03-21,67.24,67.53,67.92,66.18,1,Friday
2014-03-24,64.1,67.19,67.36,63.36,1,Monday
2014-03-25,64.89,64.89,66.19,63.78,1,Tuesday
2014-03-26,60.38,64.74,64.95,60.37,1,Wednesday
2014-03-27,60.97,60.51,61.9,57.98,1,Thursday
2014-03-28,60.01,61.34,61.95,59.34,1,Friday
2014-03-31,60.24,60.78,61.52,59.87,1,Monday
2014-04-02,62.75,62.05,63.14,61.82,2,Wednesday
2014-04-03,68.8,68.66,68.9,67.62,2,Thursday
2014-04-04,56.75,59.94,60.2,56.32,2,Friday
2014-04-06,63.34,62.45,63.59,62.07,2,Sunday
2014-04-08,73.51,72.36,73.88,72.36,2,Tuesday
2014-04-09,75.95,75.89,76.93,75.53,2,Wednesday
2014-04-11,75.76,74.23,75.77,73.65,2,Friday
2014-04-12,75.24,74.83,75.55,74.66,2,Saturday
2014-04-14,58.89,60.09,60.45,57.78,2,Monday
2014-04-15,59.09,59.29,59.68,55.88,2,Tuesday
2014-04-16,59.72,59.79,60.19,57.74,2,Wednesday
2014-04-17,58.94,59.3,60.58,58.72,2,Thursday
2014-04-21,61.24,59.46,61.24,59.15,2,Monday
2014-04-22,63.03,62.65,63.44,62.22,2,Tuesday
2014-04-23,61.36,63.45,63.48,61.26,2,Wednesday
2014-04-24,60.87,63.6,63.65,59.77,2,Thursday
2014-04-25,57.71,59.97,60.01,57.57,2,Friday
2014-04-28,56.14,58.05,58.31,54.66,2,Monday
2014-04-29,58.15,56.09,58.28,55.84,2,Tuesday
2014-04-30,59.78,57.58,59.85,57.16,2,Wednesday
2014-05-02,62.19,62.74,63.16,61.27,2,Friday
2014-05-03,71.57,69.69,71.97,69.62,2,Saturday
2014-05-05,61.22,59.67,61.35,59.18,2,Monday
2014-05-06,63.19,63.66,64.36,62.82,2,Tuesday
2014-05-08,72.69,73.2,73.59,72.18,2,Thursday
2014-05-09,77.26,76.1,77.38,75.6,2,Friday
2014-05-11,74.83,76.51,76.8,74.42,2,Sunday
2014-05-12,76.36,75.8,76.76,75.36,2,Monday
2014-05-13,59.83,59.66,60.89,59.51,2,Tuesday
2014-05-14,59.23,59.53,60.45,58.95,2,Wednesday
2014-05-15,57.92,59.26,59.38,57.52,2,Thursday
2014-05-16,58.02,58.31,58.45,57.31,2,Friday
2014-05-19,59.21,57.89,59.56,57.57,2,Monday
2014-05-20,58.56,59.5,60.19,58.18,2,Tuesday
2014-05-21,60.49,58.56,60.5,58.25,2,Wednesday
2014-05-22,60.52,60.94,61.48,60.4,2,Thursday
2014-05-23,61.35,60.41,61.45,60.15,2,Friday
2014-05-27,63.48,61.62,63.51,61.57,2,Tuesday
2014-05-28,63.51,63.39,64.14,62.62,2,Wednesday
2014-05-29,63.83,63.84,64.3,63.51,2,Thursday
2014-05-30,63.3,63.95,64.17,62.56,2,Friday
2014-06-01,57.2,54.42,57.26,54.05,2,Sunday
2014-06-02,62.16,61.46,62.78,61.46,2,Monday
2014-06-03,70.84,71.88,71.89,70.25,2,Tuesday
2014-06-05,58.53,60.98,61.15,58.49,2,Thursday
2014-06-06,62.5,63.37,63.48,62.15,2,Friday
2014-06-08,72.47,72.02,73.72,71.79,2,Sunday
2014-06-10,77.56,77.19,77.89,76.85,2,Tuesday
2014-06-11,75.26,74.89,75.6,74.31,2,Wednesday
2014-06-13,64.5,64.7,64.97,63.83,2,Friday
2014-06-16,64.19,64.16,64.88,63.75,2,Monday
2014-06-17,64.4,64.1,64.88,63.93,2,Tuesday
2014-06-18,65.6,64.49,65.75,64.05,2,Wednesday
2014-06-19,64.34,65.46,65.58,64.21,2,Thursday
2014-06-20,64.5,64.46,64.81,63.35,2,Friday
2014-06-23,65.37,64.32,65.66,64.22,2,Monday
2014-06-24,65.72,65.36,67.17,65.27,2,Tuesday
2014-06-25,67.44,65.58,67.48,65.57,2,Wednesday
2014-06-26,67.13,68.0,68.0,66.9,2,Thursday
2014-06-27,67.6,67.31,67.7,66.84,2,Friday
2014-06-30,67.29,67.46,67.92,67.13,2,Monday
2014-07-01,57.92,57.7,58.55,57.22,3,Tuesday
2014-07-02,64.32,62.27,64.57,62.22,3,Wednesday
2014-07-03,69.8,71.08,71.18,69.47,3,Thursday
2014-07-04,56.95,55.9,58.0,55.44,3,Friday
2014-07-05,57.39,58.77,59.3,56.26,3,Saturday
2014-07-07,65.29,66.3,66.57,65.12,3,Monday
2014-07-08,73.17,73.0,74.0,72.7,3,Tuesday
2014-07-10,76.29,77.05,77.95,76.24,3,Thursday
2014-07-11,75.6,75.39,75.86,75.02,3,Friday
2014-07-14,67.9,67.13,68.17,66.9,3,Monday
2014-07-15,67.17,67.96,68.09,66.26,3,Tuesday
2014-07-16,67.66,67.54,67.94,67.07,3,Wednesday
2014-07-17,66.41,67.03,67.85,66.04,3,Thursday
2014-07-18,68.42,66.8,68.46,66.16,3,Friday
2014-07-21,69.4,68.81,69.96,68.5,3,Monday
2014-07-22,69.27,69.76,69.77,68.61,3,Tuesday
2014-07-23,71.29,69.74,71.33,69.61,3,Wednesday
2014-07-24,74.98,75.96,76.74,74.51,3,Thursday
2014-07-25,75.19,74.99,75.67,74.66,3,Friday
2014-07-28,74.92,75.17,75.5,73.85,3,Monday
2014-07-29,73.71,74.72,74.92,73.42,3,Tuesday
2014-07-30,74.68,74.21,75.19,74.13,3,Wednesday
2014-07-31,72.65,74.0,74.17,72.44,3,Thursday
2014-08-01,58.23,57.6,58.41,57.23,3,Friday
2014-08-04,58.19,57.68,58.71,57.17,3,Monday
2014-08-05,56.76,57.23,58.82,56.5,3,Tuesday
2014-08-07,62.76,65.06,65.56,62.21,3,Thursday
2014-08-08,73.06,73.4,73.43,72.56,3,Friday
2014-08-09,77.89,77.26,78.17,77.01,3,Saturday
2014-08-10,77.52,76.18,77.71,75.1,3,Sunday
2014-08-12,76.52,76.18,77.25,75.4,3,Tuesday
2014-08-13,73.77,73.12,74.25,73.05,3,Wednesday
2014-08-14,74.3,73.97,74.38,73.69,3,Thursday
2014-08-15,73.63,74.32,74.65,73.0,3,Friday
2014-08-18,74.59,74.0,74.72,73.96,3,Monday
2014-08-19,75.29,74.81,75.58,74.51,3,Tuesday
2014-08-20,74.81,74.97,75.18,74.62,3,Wednesday
2014-08-21,74.57,74.92,75.19,74.41,3,Thursday
2014-08-22,74.57,74.34,74.73,73.57,3,Friday
2014-08-25,75.02,74.94,75.28,74.79,3,Monday
2014-08-26,75.96,75.0,75.99,74.73,3,Tuesday
2014-08-27,74.63,75.27,75.49,74.46,3,Wednesday
2014-08-28,73.86,74.0,74.43,73.73,3,Thursday
2014-08-29,74.82,74.3,74.82,74.01,3,Friday
2014-09-01,57.22,58.65,58.96,56.65,3,Monday
2014-09-04,62.41,59.63,62.46,59.19,3,Thursday
2014-09-05,57.24,56.85,57.65,56.38,3,Friday
2014-09-06,62.88,62.4,63.34,61.79,3,Saturday
2014-09-07,64.97,63.41,65.12,63.15,3,Sunday
2014-09-09,76.67,77.59,78.17,76.2,3,Tuesday
2014-09-10,75.91,77.28,77.76,75.85,3,Wednesday
2014-09-12,76.84,75.2,76.93,74.78,3,Friday
2014-09-15,74.58,77.15,77.25,73.43,3,Monday
2014-09-16,76.08,73.52,76.23,73.07,3,Tuesday
2014-09-17,76.43,75.96,77.25,75.57,3,Wednesday
2014-09-18,77.0,76.77,77.33,76.52,3,Thursday
2014-09-19,77.91,77.4,78.3,76.44,3,Friday
2014-09-22,76.8,77.0,77.53,75.95,3,Monday
2014-09-23,78.29,76.33,78.63,76.04,3,Tuesday
2014-09-24,78.53,78.1,78.62,77.51,3,Wednesday
2014-09-25,77.22,78.6,78.94,77.13,3,Thursday
2014-09-26,78.79,77.59,78.84,77.33,3,Friday
2014-09-29,79.0,78.12,79.2,77.91,3,Monday
2014-09-30,79.04,79.35,79.71,78.6,3,Tuesday
2014-10-01,57.94,57.13,58.3,57.06,4,Wednesday
2014-10-02,63.55,64.3,64.49,63.47,4,Thursday
2014-10-03,72.03,70.77,72.15,70.51,4,Friday
2014-10-04,59.16,63.08,63.18,58.68,4,Saturday
2014-10-06,65.77,63.53,65.82,63.5,4,Monday
2014-10-07,64.87,63.31,65.34,63.05,4,Tuesday
2014-10-09,77.43,76.52,77.95,76.51,4,Thursday
2014-10-10,72.91,75.59,76.5,72.76,4,Friday
2014-10-11,75.0,75.36,75.48,74.61,4,Saturday
2014-10-12,76.18,76.65,77.55,76.07,4,Sunday
2014-10-13,72.99,73.23,74.78,72.52,4,Monday
2014-10-14,73.59,74.0,74.18,72.05,4,Tuesday
2014-10-15,73.21,71.69,73.8,70.32,4,Wednesday
2014-10-16,72.63,70.79,73.35,70.58,4,Thursday
2014-10-17,75.95,74.23,76.0,73.75,4,Friday
2014-10-20,76.95,75.6,77.09,75.38,4,Monday
2014-10-21,78.69,77.56,78.74,77.15,4,Tuesday
2014-10-22,78.37,78.81,79.85,78.01,4,Wednesday
2014-10-23,80.04,79.38,80.63,79.01,4,Thursday
2014-10-24,80.67,80.2,80.82,79.32,4,Friday
2014-10-27,80.28,80.74,80.8,79.76,4,Monday
2014-10-28,80.77,80.18,81.16,79.57,4,Tuesday
2014-10-29,75.86,75.45,76.88,74.78,4,Wednesday
2014-10-30,74.11,75.05,75.35,72.9,4,Thursday
2014-10-31,74.99,74.93,75.7,74.45,4,Friday
2014-11-02,64.85,63.75,65.0,63.35,4,Sunday
2014-11-03,70.1,72.5,72.59,69.96,4,Monday
2014-11-04,58.53,57.6,60.31,57.31,4,Tuesday
2014-11-06,65.78,65.32,65.8,64.9,4,Thursday
2014-11-07,66.34,65.28,66.59,64.79,4,Friday
2014-11-08,73.44,73.46,73.91,73.06,4,Saturday
2014-11-09,77.92,77.13,78.36,77.05,4,Sunday
2014-11-11,74.61,74.95,74.98,74.03,4,Tuesday
2014-11-12,77.73,76.52,78.52,76.48,4,Wednesday
2014-11-13,74.25,74.74,75.24,73.64,4,Thursday
2014-11-14,74.88,74.27,74.93,74.04,4,Friday
2014-11-17,74.24,74.88,75.66,73.88,4,Monday
2014-11-18,74.34,74.45,74.8,73.9,4,Tuesday
2014-11-19,73.33,74.01,74.54,73.11,4,Wednesday
2014-11-20,73.6,72.8,73.99,72.51,4,Thursday
2014-11-21,73.75,74.5,74.5,73.5,4,Friday
2014-11-24,74.01,73.54,74.35,73.35,4,Monday
2014-11-25,75.63,74.21,75.74,74.13,4,Tuesday
2014-11-26,77.62,75.53,77.78,75.51,4,Wednesday
2014-11-28,77.7,77.67,78.27,77.23,4,Friday
2014-12-02,64.45,64.92,65.06,64.05,4,Tuesday
2014-12-03,70.88,69.86,71.35,69.0,4,Wednesday
2014-12-05,59.83,57.98,59.9,57.98,4,Friday
2014-12-06,64.29,65.85,66.47,64.06,4,Saturday
2014-12-08,72.83,73.09,73.33,72.22,4,Monday
2014-12-09,77.48,78.02,78.3,77.1,4,Tuesday
2014-12-11,74.72,74.28,75.14,73.54,4,Thursday
2014-12-12,77.83,77.16,78.88,77.02,4,Friday
2014-12-15,76.99,78.46,78.58,76.56,4,Monday
2014-12-16,74.69,76.19,77.39,74.59,4,Tuesday
2014-12-17,76.11,75.01,76.41,74.9,4,Wednesday
2014-12-18,78.4,76.89,78.4,76.51,4,Thursday
2014-12-19,79.88,78.75,80.0,78.33,4,Friday
2014-12-22,81.45,80.08,81.89,80.0,4,Monday
2014-12-23,80.61,82.02,82.17,80.4,4,Tuesday
2014-12-24,80.77,81.03,81.43,80.75,4,Wednesday
2014-12-26,80.78,81.02,81.28,80.51,4,Friday
2014-12-29,80.02,80.49,80.96,79.71,4,Monday
2014-12-30,79.22,79.85,80.59,79.1,4,Tuesday
2014-12-31,78.02,79.54,79.8,77.86,4,Wednesday
2015-01-04,81.67,82.5,82.72,80.87,1,Sunday
2015-01-05,78.99,79.24,79.76,78.11,1,Monday
2015-01-06,80.29,79.3,80.38,78.66,1,Tuesday
2015-01-07,86.91,86.77,87.95,86.49,1,Wednesday
2015-01-09,87.23,86.85,89.39,86.5,1,Friday
2015-01-10,90.95,90.05,90.95,88.36,1,Saturday
2015-01-12,107.12,104.83,107.15,104.5,1,Monday
2015-01-13,76.45,77.23,78.08,75.85,1,Tuesday
2015-01-14,76.28,76.42,77.2,76.03,1,Wednesday
2015-01-15,74.05,76.4,76.57,73.54,1,Thursday
2015-01-16,75.18,74.04,75.32,73.84,1,Friday
2015-01-20,76.24,75.72,76.31,74.82,1,Tuesday
2015-01-21,76.74,76.16,77.3,75.85,1,Wednesday
2015-01-22,77.65,77.17,77.75,76.68,1,Thursday
2015-01-23,77.83,77.65,78.19,77.04,1,Friday
2015-01-26,77.5,77.98,78.47,77.29,1,Monday
2015-01-27,75.78,76.71,76.88,75.63,1,Tuesday
2015-01-28,76.24,76.9,77.64,76.0,1,Wednesday
2015-01-29,78.0,76.85,78.02,74.21,1,Thursday
2015-01-30,75.91,78.0,78.16,75.75,1,Friday
2015-02-01,78.45,78.58,78.93,77.7,1,Sunday
2015-02-02,74.99,76.11,76.14,73.75,1,Monday
2015-02-03,79.75,79.0,79.86,78.52,1,Tuesday
2015-02-04,81.56,82.25,82.56,81.44,1,Wednesday
2015-02-06,80.44,79.76,81.35,79.56,1,Friday
2015-02-07,87.28,87.4,87.44,86.34,1,Saturday
2015-02-09,89.89,88.81,89.89,87.63,1,Monday
2015-02-10,92.07,88.9,92.2,88.37,1,Tuesday
2015-02-11,103.31,102.46,103.47,101.18,1,Wednesday
2015-02-12,106.07,107.0,107.92,105.79,1,Thursday
2015-02-13,75.74,76.46,76.48,75.5,1,Friday
2015-02-17,75.6,75.3,76.91,75.08,1,Tuesday
2015-02-18,76.71,75.94,76.9,75.45,1,Wednesday
2015-02-19,79.42,76.99,79.84,76.95,1,Thursday
2015-02-20,79.89,79.55,80.34,79.2,1,Friday
2015-02-23,78.84,79.96,80.19,78.38,1,Monday
2015-02-24,78.45,78.5,79.48,78.1,1,Tuesday
2015-02-25,79.56,78.5,80.2,78.5,1,Wednesday
2015-02-26,80.41,79.88,81.37,79.72,1,Thursday
2015-02-27,78.97,80.68,81.23,78.62,1,Friday
2015-03-02,75.4,75.19,75.58,73.86,1,Monday
2015-03-03,79.6,79.61,79.7,78.52,1,Tuesday
2015-03-06,82.44,81.35,82.53,81.25,1,Friday
2015-03-08,94.14,93.53,95.08,92.8,1,Sunday
2015-03-09,88.15,89.76,89.82,87.73,1,Monday
2015-03-11,102.58,103.22,103.65,102.4,1,Wednesday
2015-03-12,104.38,106.27,106.85,103.35,1,Thursday
2015-03-13,78.05,78.6,79.38,77.68,1,Friday
2015-03-16,78.07,77.96,78.12,77.36,1,Monday
2015-03-17,79.36,78.36,79.78,78.34,1,Tuesday
2015-03-18,80.91,79.25,81.24,79.17,1,Wednesday
2015-03-19,82.75,81.12,83.0,81.0,1,Thursday
2015-03-20,83.8,83.39,84.6,83.07,1,Friday
2015-03-23,84.43,83.92,84.96,83.3,1,Monday
2015-03-24,85.31,84.71,86.07,84.52,1,Tuesday
2015-03-25,82.92,85.5,85.52,82.92,1,Wednesday
2015-03-26,83.01,82.72,83.77,82.14,1,Thursday
2015-03-27,83.3,83.38,83.95,82.88,1,Friday
2015-03-30,83.19,83.81,84.34,82.41,1,Monday
2015-03-31,82.22,82.9,83.5,82.21,1,Tuesday
2015-04-02,75.63,75.09,76.35,75.01,2,Thursday
2015-04-03,80.89,79.3,81.15,78.85,2,Friday
2015-04-05,78.81,79.33,79.69,78.63,2,Sunday
2015-04-06,82.05,82.14,82.95,81.51,2,Monday
2015-04-08,94.06,93.79,94.73,93.33,2,Wednesday
2015-04-09,88.26,87.2,88.39,86.7,2,Thursday
2015-04-11,103.94,103.19,104.14,102.48,2,Saturday
2015-04-12,106.18,104.81,107.73,104.11,2,Sunday
2015-04-13,83.01,81.93,83.94,81.92,2,Monday
2015-04-14,83.52,83.17,83.69,82.44,2,Tuesday
2015-04-15,82.7,83.55,83.66,82.27,2,Wednesday
2015-04-16,82.31,82.47,83.07,82.15,2,Thursday
2015-04-17,80.78,81.48,82.11,80.37,2,Friday
2015-04-20,83.09,81.54,83.15,81.24,2,Monday
2015-04-21,83.62,84.0,84.49,83.54,2,Tuesday
2015-04-22,84.63,84.32,84.74,83.65,2,Wednesday
2015-04-23,82.41,84.1,85.59,82.41,2,Thursday
2015-04-24,81.53,82.77,82.94,81.48,2,Friday
2015-04-27,81.91,81.87,82.93,81.63,2,Monday
2015-04-28,80.68,81.83,81.9,80.23,2,Tuesday
2015-04-29,80.47,80.01,81.39,79.52,2,Wednesday
2015-04-30,78.77,80.01,80.96,78.32,2,Thursday
2015-05-01,77.19,77.98,79.25,76.86,2,Friday
2015-05-02,75.61,75.71,75.98,75.21,2,Saturday
2015-05-03,81.21,81.23,81.99,81.05,2,Sunday
2015-05-05,77.56,78.55,78.8,77.22,2,Tuesday
2015-05-06,82.14,81.87,82.46,81.51,2,Wednesday
2015-05-08,96.44,95.25,97.09,95.18,2,Friday
2015-05-10,94.01,92.94,94.27,92.66,2,Sunday
2015-05-11,108.76,108.8,110.65,107.95,2,Monday
2015-05-13,78.44,77.72,78.53,77.65,2,Wednesday
2015-05-14,81.37,78.94,81.84,78.67,2,Thursday
2015-05-15,80.42,81.41,81.52,80.18,2,Friday
2015-05-18,80.88,80.33,81.38,80.23,2,Monday
2015-05-19,80.63,81.25,81.69,80.55,2,Tuesday
2015-05-20,80.55,80.47,81.1,79.46,2,Wednesday
2015-05-21,80.48,80.19,80.92,80.08,2,Thursday
2015-05-22,80.54,80.35,81.31,80.25,2,Friday
2015-05-26,79.33,80.43,80.6,79.08,2,Tuesday
2015-05-27,80.55,79.6,80.66,79.43,2,Wednesday
2015-05-28,80.14,80.25,81.07,80.0,2,Thursday
2015-05-29,79.19,79.95,80.07,78.88,2,Friday
2015-06-01,76.15,77.23,77.59,75.36,2,Monday
2015-06-02,74.47,75.68,75.7,74.25,2,Tuesday
2015-06-03,80.0,80.9,81.33,79.83,2,Wednesday
2015-06-04,82.44,80.8,82.81,80.8,2,Thursday
2015-06-05,78.1,77.97,78.81,77.05,2,Friday
2015-06-07,87.55,86.49,88.18,86.39,2,Sunday
2015-06-08,95.12,97.18,98.74,94.42,2,Monday
2015-06-10,92.8,94.08,94.17,92.34,2,Wednesday
2015-06-11,107.09,108.04,108.74,105.91,2,Thursday
2015-06-15,80.71,80.55,80.93,80.07,2,Monday
2015-06-16,81.06,80.82,81.51,80.45,2,Tuesday
2015-06-17,81.79,81.76,82.22,81.34,2,Wednesday
2015-06-18,82.91,81.64,83.19,81.57,2,Thursday
2015-06-19,82.51,82.83,82.98,82.12,2,Friday
2015-06-22,84.74,83.41,84.97,83.31,2,Monday
2015-06-23,87.88,84.96,87.97,84.76,2,Tuesday
2015-06-24,88.86,87.66,89.25,87.45,2,Wednesday
2015-06-25,87.98,89.26,89.4,87.83,2,Thursday
2015-06-26,88.01,88.12,88.34,86.83,2,Friday
2015-06-29,85.8,86.61,87.5,85.73,2,Monday
2015-06-30,85.77,86.6,86.7,85.57,2,Tuesday
2015-07-01,76.15,76.76,77.36,75.82,3,Wednesday
2015-07-04,82.32,82.65,83.42,82.22,3,Saturday
2015-07-05,78.42,78.0,78.94,77.56,3,Sunday
2015-07-07,87.22,87.8,87.85,85.23,3,Tuesday
2015-07-08,94.3,95.38,95.4,93.61,3,Wednesday
2015-07-10,92.4,93.11,93.66,91.37,3,Friday
2015-07-12,105.61,106.48,106.83,104.66,3,Sunday
2015-07-13,90.1,88.66,90.22,88.42,3,Monday
2015-07-14,89.68,90.46,90.8,89.65,3,Tuesday
2015-07-15,89.76,90.0,90.99,89.42,3,Wednesday
2015-07-16,90.85,90.28,90.86,89.77,3,Thursday
2015-07-17,94.97,92.55,95.39,92.54,3,Friday
2015-07-20,97.91,95.85,98.6,95.36,3,Monday
2015-07-21,98.39,98.95,99.24,97.14,3,Tuesday
2015-07-22,97.04,96.74,97.58,95.92,3,Wednesday
2015-07-23,95.44,96.96,97.45,94.81,3,Thursday
2015-07-24,96.95,97.35,97.76,95.88,3,Friday
2015-07-27,94.17,96.58,96.61,93.83,3,Monday
2015-07-28,95.29,94.84,95.56,93.31,3,Tuesday
2015-07-29,96.99,96.32,97.28,94.74,3,Wednesday
2015-07-30,95.21,94.91,95.81,91.8,3,Thursday
2015-07-31,94.01,94.95,96.33,93.95,3,Friday
2015-08-01,78.17,76.74,78.23,76.08,3,Saturday
2015-08-04,82.28,82.63,83.1,81.84,3,Tuesday
2015-08-05,78.51,79.1,79.23,78.03,3,Wednesday
2015-08-06,80.67,81.82,82.0,80.13,3,Thursday
2015-08-07,85.65,86.29,86.75,85.44,3,Friday
2015-08-09,89.53,89.69,90.24,88.83,3,Sunday
2015-08-10,92.47,91.89,93.22,90.47,3,Monday
2015-08-12,106.49,104.0,106.91,103.95,3,Wednesday
2015-08-13,93.43,94.05,94.73,93.35,3,Thursday
2015-08-14,94.42,93.54,94.72,93.21,3,Friday
2015-08-17,93.93,94.42,94.46,93.39,3,Monday
2015-08-18,95.17,94.08,95.85,94.04,3,Tuesday
2015-08-19,95.31,94.63,96.1,94.16,3,Wednesday
2015-08-20,90.56,93.54,94.77,90.46,3,Thursday
2015-08-21,86.06,87.52,89.18,85.61,3,Friday
2015-08-24,82.09,77.03,87.14,72.0,3,Monday
2015-08-25,83.0,86.95,87.67,83.0,3,Tuesday
2015-08-26,87.19,85.95,87.46,83.26,3,Wednesday
2015-08-27,89.73,89.1,90.06,87.19,3,Thursday
2015-08-28,91.01,89.88,91.48,89.79,3,Friday
2015-08-31,89.43,90.6,91.05,88.89,3,Monday
2015-09-01,77.74,78.2,78.62,77.2,3,Tuesday
2015-09-02,74.44,74.05,74.83,73.45,3,Wednesday
2015-09-03,79.44,79.68,79.91,78.63,3,Thursday
2015-09-04,82.17,82.5,82.8,81.71,3,Friday
2015-09-06,80.67,80.6,81.19,79.32,3,Sunday
2015-09-07,85.88,86.73,87.6,85.65,3,Monday
2015-09-09,90.44,90.78,91.98,90.17,3,Wednesday
2015-09-10,93.24,92.9,93.74,92.24,3,Thursday
2015-09-11,106.49,107.0,108.25,105.86,3,Friday
2015-09-12,104.6,106.18,106.44,103.55,3,Saturday
2015-09-14,92.31,92.31,92.62,91.6,3,Monday
2015-09-15,92.9,92.37,93.25,91.79,3,Tuesday
2015-09-16,93.45,92.9,93.6,92.63,3,Wednesday
2015-09-17,94.34,93.37,95.51,92.9,3,Thursday
2015-09-18,94.4,93.2,95.19,93.05,3,Friday
2015-09-21,95.55,94.62,96.49,94.52,3,Monday
2015-09-22,92.96,93.77,94.68,91.92,3,Tuesday
2015-09-23,93.97,93.4,94.32,92.8,3,Wednesday
2015-09-24,94.41,93.06,94.77,92.24,3,Thursday
2015-09-25,92.77,95.79,95.85,92.06,3,Friday
2015-09-28,89.21,92.08,92.29,88.18,3,Monday
2015-09-29,86.67,89.1,90.06,85.72,3,Tuesday
2015-09-30,89.9,88.44,90.02,88.01,3,Wednesday
2015-10-02,75.19,74.85,75.34,74.5,4,Friday
2015-10-03,77.55,78.5,79.26,77.55,4,Saturday
2015-10-04,82.04,82.21,82.61,81.91,4,Sunday
2015-10-06,82.16,80.83,82.6,80.81,4,Tuesday
2015-10-07,87.95,87.35,88.22,86.77,4,Wednesday
2015-10-08,94.15,95.68,95.9,93.63,4,Thursday
2015-10-09,91.98,90.07,92.06,89.63,4,Friday
2015-10-11,107.91,105.96,108.15,105.24,4,Sunday
2015-10-12,105.42,105.05,106.4,104.41,4,Monday
2015-10-13,94.12,93.66,95.37,93.55,4,Tuesday
2015-10-14,94.07,94.08,95.2,93.61,4,Wednesday
2015-10-15,95.96,94.99,96.3,94.9,4,Thursday
2015-10-16,97.54,96.18,97.59,95.35,4,Friday
2015-10-19,98.47,97.18,98.57,96.92,4,Monday
2015-10-20,97.0,98.73,99.59,96.56,4,Tuesday
2015-10-21,97.11,97.37,98.18,96.47,4,Wednesday
2015-10-22,99.67,97.79,99.73,97.55,4,Thursday
2015-10-23,102.19,101.91,102.85,100.16,4,Friday
2015-10-26,103.77,102.2,103.81,101.55,4,Monday
2015-10-27,103.7,102.94,104.1,102.4,4,Tuesday
2015-10-28,104.2,103.9,104.48,102.92,4,Wednesday
2015-10-29,104.88,103.96,105.12,103.52,4,Thursday
2015-10-30,101.97,104.51,104.72,101.65,4,Friday
2015-11-02,76.51,75.09,76.75,75.03,4,Monday
2015-11-03,77.57,77.8,78.43,77.26,4,Tuesday
2015-11-05,78.01,78.48,79.03,77.93,4,Thursday
2015-11-06,81.83,82.31,82.9,81.36,4,Friday
2015-11-08,93.62,93.73,94.76,92.9,4,Sunday
2015-11-09,92.05,91.68,92.08,91.13,4,Monday
2015-11-11,109.01,108.27,109.87,107.11,4,Wednesday
2015-11-12,102.12,104.15,104.34,101.91,4,Thursday
2015-11-13,103.95,107.71,108.25,103.83,4,Friday
2015-11-16,104.04,103.32,104.17,100.47,4,Monday
2015-11-17,105.13,104.62,106.2,104.14,4,Tuesday
2015-11-18,107.77,105.8,107.88,105.39,4,Wednesday
2015-11-19,106.26,107.36,107.73,105.95,4,Thursday
2015-11-20,107.32,106.84,107.87,106.62,4,Friday
2015-11-23,106.95,107.19,107.47,106.08,4,Monday
2015-11-24,105.74,106.0,106.49,104.39,4,Tuesday
2015-11-25,105.41,106.33,106.6,105.1,4,Wednesday
2015-11-27,105.45,105.78,105.96,104.86,4,Friday
2015-11-30,104.24,105.84,106.1,103.75,4,Monday
2015-12-01,76.72,77.84,78.0,76.21,4,Tuesday
2015-12-02,76.23,76.86,76.87,75.89,4,Wednesday
2015-12-03,78.93,78.1,79.05,77.91,4,Thursday
2015-12-05,77.46,77.87,77.89,76.79,4,Saturday
2015-12-06,81.53,81.37,82.09,81.2,4,Sunday
2015-12-08,94.19,92.7,94.44,91.19,4,Tuesday
2015-12-10,94.26,93.32,94.6,92.67,4,Thursday
2015-12-11,108.02,108.48,109.39,108.0,4,Friday
2015-12-14,104.66,102.28,104.74,101.46,4,Monday
2015-12-15,104.55,105.3,105.8,104.28,4,Tuesday
2015-12-16,106.79,105.37,107.09,104.19,4,Wednesday
2015-12-17,106.22,107.49,107.75,106.13,4,Thursday
2015-12-18,104.04,106.08,106.59,103.97,4,Friday
2015-12-21,104.77,104.91,105.15,103.6,4,Monday
2015-12-22,105.51,105.22,105.66,104.81,4,Tuesday
2015-12-23,104.63,105.89,106.11,103.86,4,Wednesday
2015-12-24,105.02,104.74,105.32,104.5,4,Thursday
2015-12-28,105.93,105.02,105.98,104.53,4,Monday
2015-12-29,107.26,106.42,107.74,106.25,4,Tuesday
2015-12-30,106.22,107.0,107.25,106.06,4,Wednesday
2015-12-31,104.66,106.0,106.17,104.62,4,Thursday
2016-01-02,115.09,112.27,115.72,112.01,1,Saturday
2016-01-03,109.82,107.83,109.82,107.6,1,Sunday
2016-01-04,116.06,113.75,116.17,113.35,1,Monday
2016-01-06,118.78,118.5,119.08,117.82,1,Wednesday
2016-01-07,114.19,114.2,115.13,113.81,1,Thursday
2016-01-08,124.31,123.85,124.58,122.86,1,Friday
2016-01-09,126.17,126.38,126.63,125.6,1,Saturday
2016-01-11,129.5,131.41,131.94,128.65,1,Monday
2016-01-12,115.1,118.38,118.45,114.0,1,Tuesday
2016-01-13,95.44,100.58,100.58,95.21,1,Wednesday
2016-01-14,98.37,95.85,98.87,92.45,1,Thursday
2016-01-15,94.97,93.98,96.38,93.54,1,Friday
2016-01-19,95.26,96.53,97.42,93.92,1,Tuesday
2016-01-20,94.35,92.83,95.0,89.37,1,Wednesday
2016-01-21,94.16,94.91,95.99,92.62,1,Thursday
2016-01-22,97.94,96.41,98.07,95.49,1,Friday
2016-01-25,97.01,98.72,99.48,96.93,1,Monday
2016-01-26,97.34,97.76,97.88,95.66,1,Tuesday
2016-01-27,94.45,97.79,97.85,94.23,1,Wednesday
2016-01-28,109.11,107.2,110.34,104.81,1,Thursday
2016-01-29,112.21,108.99,112.84,108.84,1,Friday
2016-02-02,114.61,114.8,117.59,113.2,1,Tuesday
2016-02-03,109.95,109.68,110.55,108.77,1,Wednesday
2016-02-05,118.57,117.83,118.73,116.57,1,Friday
2016-02-06,118.93,118.69,119.44,118.22,1,Saturday
2016-02-08,123.09,124.06,124.8,122.07,1,Monday
2016-02-09,126.51,126.85,126.86,126.0,1,Tuesday
2016-02-11,127.17,130.23,130.23,126.28,1,Thursday
2016-02-12,115.4,115.11,116.48,114.3,1,Friday
2016-02-16,101.61,103.8,103.93,100.24,1,Tuesday
2016-02-17,105.2,101.94,105.72,100.4,1,Wednesday
2016-02-18,103.47,105.8,106.0,103.03,1,Thursday
2016-02-19,104.57,102.55,105.02,102.06,1,Friday
2016-02-22,107.16,105.49,108.25,105.34,1,Monday
2016-02-23,105.46,106.85,107.47,105.12,1,Tuesday
2016-02-24,106.88,104.21,106.95,102.74,1,Wednesday
2016-02-25,108.07,107.11,108.07,105.61,1,Thursday
2016-02-26,107.92,108.7,109.45,107.16,1,Friday
2016-02-27,107.95,107.93,107.95,107.93,1,Saturday
2016-02-29,106.92,107.6,108.91,106.75,1,Monday
2016-03-02,112.69,115.27,115.34,109.75,1,Wednesday
2016-03-03,109.58,110.25,110.3,108.54,1,Thursday
2016-03-05,117.43,117.52,118.16,117.02,1,Saturday
2016-03-06,118.47,118.97,118.98,117.86,1,Sunday
2016-03-08,122.51,123.09,123.92,122.31,1,Tuesday
2016-03-10,128.77,128.38,129.09,127.8,1,Thursday
2016-03-11,120.0,122.0,123.28,119.5,1,Friday
2016-03-14,109.89,109.28,110.33,108.77,1,Monday
2016-03-15,110.67,109.11,110.83,108.84,1,Tuesday
2016-03-16,112.18,110.49,112.5,110.1,1,Wednesday
2016-03-17,111.02,112.15,112.69,110.73,1,Thursday
2016-03-18,111.45,111.56,112.42,110.27,1,Friday
2016-03-21,111.85,111.66,112.37,111.03,1,Monday
2016-03-22,112.25,111.36,112.88,111.17,1,Tuesday
2016-03-23,112.54,112.01,113.19,112.0,1,Wednesday
2016-03-24,113.05,112.13,113.09,111.68,1,Thursday
2016-03-28,113.69,113.32,114.59,112.95,1,Monday
2016-03-29,116.14,113.83,116.32,113.64,1,Tuesday
2016-03-30,114.7,116.73,116.99,114.36,1,Wednesday
2016-03-31,114.1,114.7,115.01,113.77,1,Thursday
2016-04-01,102.22,101.95,102.24,99.75,2,Friday
2016-04-02,110.49,111.8,111.94,109.25,2,Saturday
2016-04-03,108.39,110.05,110.05,107.93,2,Sunday
2016-04-04,112.55,114.07,114.55,111.61,2,Monday
2016-04-05,118.06,116.61,118.3,116.57,2,Tuesday
2016-04-08,124.36,122.94,124.79,122.51,2,Friday
2016-04-10,128.19,129.17,129.28,127.55,2,Sunday
2016-04-11,120.75,119.59,121.93,119.25,2,Monday
2016-04-13,110.51,112.23,112.65,106.52,2,Wednesday
2016-04-14,110.84,110.62,112.04,110.26,2,Thursday
2016-04-15,109.64,110.79,110.97,109.2,2,Friday
2016-04-18,110.45,109.74,110.81,109.2,2,Monday
2016-04-19,112.29,111.1,112.45,109.16,2,Tuesday
2016-04-20,112.42,112.43,113.27,111.56,2,Wednesday
2016-04-21,113.44,112.55,114.04,112.31,2,Thursday
2016-04-22,110.56,111.21,111.75,109.01,2,Friday
2016-04-25,110.1,109.87,110.67,109.07,2,Monday
2016-04-26,108.76,110.49,110.5,108.15,2,Tuesday
2016-04-27,108.89,107.94,108.94,106.31,2,Wednesday
2016-04-28,116.73,119.58,120.79,116.23,2,Thursday
2016-04-29,117.58,116.82,117.84,115.84,2,Friday
2016-05-01,102.73,102.89,103.71,101.67,2,Sunday
2016-05-02,104.07,109.51,109.58,103.18,2,Monday
2016-05-04,112.22,112.11,113.32,111.9,2,Wednesday
2016-05-05,117.81,118.04,118.98,117.25,2,Thursday
2016-05-07,114.0,113.94,114.11,112.97,2,Saturday
2016-05-08,125.15,124.98,125.83,124.62,2,Sunday
2016-05-10,128.47,128.25,128.8,127.83,2,Tuesday
2016-05-12,117.43,115.95,117.57,115.07,2,Thursday
2016-05-13,119.81,120.38,120.64,119.68,2,Friday
2016-05-16,118.67,119.38,119.61,117.35,2,Monday
2016-05-17,117.35,118.82,119.01,117.2,2,Tuesday
2016-05-18,117.65,116.8,118.27,116.73,2,Wednesday
2016-05-19,116.81,117.05,117.49,115.88,2,Thursday
2016-05-20,117.35,116.96,117.99,116.95,2,Friday
2016-05-23,115.97,117.42,117.6,115.94,2,Monday
2016-05-24,117.7,116.24,117.73,116.12,2,Tuesday
2016-05-25,117.89,118.13,118.67,117.38,2,Wednesday
2016-05-26,119.47,118.24,119.76,117.92,2,Thursday
2016-05-27,119.38,119.56,119.85,119.01,2,Friday
2016-05-31,118.81,119.46,120.1,118.12,2,Tuesday
2016-06-01,102.97,101.13,103.77,100.9,2,Wednesday
2016-06-04,113.71,112.47,113.81,112.42,2,Saturday
2016-06-05,119.49,117.16,119.64,117.11,2,Sunday
2016-06-06,118.79,118.62,119.43,118.36,2,Monday
2016-06-07,116.7,113.36,116.79,112.97,2,Tuesday
2016-06-09,129.73,126.67,129.94,126.47,2,Thursday
2016-06-10,128.74,128.43,129.06,128.08,2,Friday
2016-06-12,117.31,117.69,117.8,116.33,2,Sunday
2016-06-13,113.95,115.0,115.48,113.31,2,Monday
2016-06-14,114.94,114.07,114.95,113.58,2,Tuesday
2016-06-15,114.6,115.3,115.44,114.07,2,Wednesday
2016-06-16,114.39,113.87,114.5,112.94,2,Thursday
2016-06-17,113.02,114.42,114.43,112.56,2,Friday
2016-06-20,113.37,113.77,114.72,112.75,2,Monday
2016-06-21,114.38,114.12,115.21,113.97,2,Tuesday
2016-06-22,113.91,114.65,114.74,113.61,2,Wednesday
2016-06-23,115.08,114.37,115.09,113.54,2,Thursday
2016-06-24,112.08,111.01,113.68,111.0,2,Friday
2016-06-27,108.97,111.57,111.57,108.23,2,Monday
2016-06-28,112.7,110.63,112.75,110.55,2,Tuesday
2016-06-29,114.16,113.37,114.25,113.04,2,Wednesday
2016-06-30,114.28,114.67,115.18,113.67,2,Thursday
2016-07-01,97.92,100.5,101.43,97.3,3,Friday
2016-07-03,105.73,108.07,108.07,104.72,3,Sunday
2016-07-04,113.64,113.79,114.89,113.07,3,Monday
2016-07-06,117.76,119.24,119.3,117.67,3,Wednesday
2016-07-07,115.85,116.63,116.97,115.36,3,Thursday
2016-07-09,131.05,130.04,131.98,129.95,3,Saturday
2016-07-10,128.99,129.04,129.25,128.33,3,Sunday
2016-07-11,122.15,122.83,123.21,121.35,3,Monday
2016-07-12,117.95,117.0,117.95,116.57,3,Tuesday
2016-07-13,116.78,118.39,118.4,116.68,3,Wednesday
2016-07-14,117.29,117.5,117.64,116.7,3,Thursday
2016-07-15,116.86,117.74,118.28,116.58,3,Friday
2016-07-18,119.37,117.32,119.61,116.89,3,Monday
2016-07-19,120.61,118.99,120.85,118.66,3,Tuesday
2016-07-20,121.92,121.25,122.2,120.56,3,Wednesday
2016-07-21,120.61,121.92,122.1,120.25,3,Thursday
2016-07-22,121.0,119.9,121.01,119.31,3,Friday
2016-07-25,121.63,121.39,121.85,117.78,3,Monday
2016-07-26,121.22,122.0,122.07,120.75,3,Tuesday
2016-07-27,123.34,122.42,125.0,121.51,3,Wednesday
2016-07-28,125.0,127.52,128.33,123.63,3,Thursday
2016-07-29,123.94,124.65,125.84,123.71,3,Friday
2016-08-01,97.33,99.88,100.5,97.03,3,Monday
2016-08-02,99.75,100.41,102.68,97.46,3,Tuesday
2016-08-03,105.93,104.78,107.37,104.4,3,Wednesday
2016-08-04,110.63,114.25,114.33,109.9,3,Thursday
2016-08-06,118.39,117.76,118.6,117.27,3,Saturday
2016-08-07,117.24,116.43,117.5,115.85,3,Sunday
2016-08-08,125.26,125.25,125.45,124.55,3,Monday
2016-08-09,130.27,130.92,131.08,129.81,3,Tuesday
2016-08-11,124.22,122.03,124.61,121.54,3,Thursday
2016-08-12,118.91,117.98,119.5,117.64,3,Friday
2016-08-15,123.9,124.91,124.92,123.7,3,Monday
2016-08-16,123.3,123.5,123.92,122.78,3,Tuesday
2016-08-17,124.37,123.66,124.38,122.85,3,Wednesday
2016-08-18,123.91,124.01,124.26,123.64,3,Thursday
2016-08-19,123.56,123.6,124.16,123.28,3,Friday
2016-08-22,124.15,123.33,124.83,123.11,3,Monday
2016-08-23,124.37,124.51,125.09,124.25,3,Tuesday
2016-08-24,123.48,124.47,124.69,123.09,3,Wednesday
2016-08-25,123.89,123.12,124.37,123.1,3,Thursday
2016-08-26,124.96,124.05,125.19,123.91,3,Friday
2016-08-29,126.54,124.35,126.73,124.35,3,Monday
2016-08-30,125.84,126.6,126.6,125.15,3,Tuesday
2016-08-31,126.12,125.6,126.22,125.1,3,Wednesday
2016-09-02,99.54,97.14,102.4,96.82,3,Friday
2016-09-03,107.51,106.7,107.51,105.49,3,Saturday
2016-09-05,119.24,119.54,120.28,118.9,3,Monday
2016-09-06,118.56,118.13,118.68,117.71,3,Tuesday
2016-09-08,125.06,125.34,126.09,124.53,3,Thursday
2016-09-09,127.1,129.71,129.95,127.1,3,Friday
2016-09-11,123.18,121.5,123.81,120.51,3,Sunday
2016-09-12,119.68,119.22,119.94,118.95,3,Monday
2016-09-13,127.21,128.03,128.35,126.66,3,Tuesday
2016-09-14,127.77,126.89,128.8,126.89,3,Wednesday
2016-09-15,128.35,127.98,129.1,127.67,3,Thursday
2016-09-16,129.07,128.2,129.18,128.2,3,Friday
2016-09-19,128.65,129.91,129.94,128.26,3,Monday
2016-09-20,128.64,128.65,129.17,128.03,3,Tuesday
2016-09-21,129.94,129.13,130.0,128.39,3,Wednesday
2016-09-22,130.08,130.5,130.73,129.56,3,Thursday
2016-09-23,127.96,127.56,128.6,127.3,3,Friday
2016-09-26,127.31,127.37,128.16,126.8,3,Monday
2016-09-27,128.69,127.61,129.01,127.43,3,Tuesday
2016-09-28,129.23,129.21,129.47,128.4,3,Wednesday
2016-09-29,128.09,129.18,129.29,127.55,3,Thursday
2016-09-30,128.27,128.03,128.59,127.45,3,Friday
2016-10-02,101.0,101.55,103.25,100.24,4,Sunday
2016-10-03,107.32,107.91,108.66,105.77,4,Monday
2016-10-05,120.5,119.62,120.5,114.8,4,Wednesday
2016-10-06,116.62,117.54,118.11,116.26,4,Thursday
2016-10-08,124.88,125.07,125.48,124.54,4,Saturday
2016-10-10,130.24,129.68,130.7,129.2,4,Monday
2016-10-11,120.8,123.93,124.18,115.27,4,Tuesday
2016-10-13,127.82,128.21,128.25,126.75,4,Thursday
2016-10-14,127.88,128.49,128.95,127.58,4,Friday
2016-10-17,127.54,128.2,128.47,127.32,4,Monday
2016-10-18,128.57,128.68,129.39,128.01,4,Tuesday
2016-10-19,130.11,128.74,130.47,128.6,4,Wednesday
2016-10-20,130.0,130.07,130.66,129.5,4,Thursday
2016-10-21,132.07,129.78,132.13,129.7,4,Friday
2016-10-24,133.28,132.72,133.41,132.15,4,Monday
2016-10-25,132.29,133.5,133.5,132.22,4,Tuesday
2016-10-26,131.04,131.64,132.26,130.94,4,Wednesday
2016-10-27,129.69,131.74,131.8,129.27,4,Thursday
2016-10-28,131.29,130.5,132.97,129.93,4,Friday
2016-10-31,130.99,132.01,132.12,130.88,4,Monday
2016-11-01,97.51,97.91,98.6,95.39,4,Tuesday
2016-11-02,101.91,99.6,105.11,98.88,4,Wednesday
2016-11-03,109.41,108.48,109.42,107.92,4,Thursday
2016-11-04,108.99,110.7,110.91,108.77,4,Friday
2016-11-05,119.52,120.41,121.08,119.42,4,Saturday
2016-11-07,117.87,117.71,118.7,117.5,4,Monday
2016-11-08,124.9,125.2,125.38,124.75,4,Tuesday
2016-11-10,128.88,130.23,130.64,128.23,4,Thursday
2016-11-11,119.02,119.53,120.7,118.15,4,Friday
2016-11-14,115.08,119.13,119.13,113.55,4,Monday
2016-11-15,117.2,116.73,118.49,115.83,4,Tuesday
2016-11-16,116.34,114.48,117.88,114.21,4,Wednesday
2016-11-17,117.79,116.81,117.79,116.01,4,Thursday
2016-11-18,117.02,118.39,119.13,116.84,4,Friday
2016-11-21,121.77,118.2,121.95,117.8,4,Monday
2016-11-22,121.47,122.4,122.98,120.9,4,Tuesday
2016-11-23,120.84,121.23,121.31,119.94,4,Wednesday
2016-11-25,120.38,121.01,121.14,120.07,4,Friday
2016-11-28,120.41,120.12,121.69,119.82,4,Monday
2016-11-29,120.87,120.57,122.1,120.4,4,Tuesday
2016-11-30,118.42,120.32,121.79,117.95,4,Wednesday
2016-12-01,99.37,99.0,99.96,97.55,4,Thursday
2016-12-02,102.01,103.74,104.24,101.09,4,Friday
2016-12-04,110.61,109.34,111.16,108.99,4,Sunday
2016-12-05,120.28,119.98,120.84,118.9,4,Monday
2016-12-07,117.93,118.63,118.72,117.57,4,Wednesday
2016-12-08,124.88,124.7,125.0,124.18,4,Thursday
2016-12-09,128.69,125.96,128.76,125.75,4,Friday
2016-12-10,129.05,129.01,129.66,128.46,4,Saturday
2016-12-12,117.77,119.22,119.24,117.65,4,Monday
2016-12-13,120.31,117.86,121.52,117.61,4,Tuesday
2016-12-14,120.21,120.0,121.69,118.85,4,Wednesday
2016-12-15,120.57,120.08,122.5,119.63,4,Thursday
2016-12-16,119.87,120.9,121.5,119.27,4,Friday
2016-12-19,119.24,119.85,120.36,118.51,4,Monday
2016-12-20,119.09,119.5,119.77,118.8,4,Tuesday
2016-12-21,119.04,118.92,119.2,118.48,4,Wednesday
2016-12-22,117.4,118.86,118.99,116.93,4,Thursday
2016-12-23,117.27,117.0,117.56,116.3,4,Friday
2016-12-27,118.01,116.96,118.68,116.86,4,Tuesday
2016-12-28,116.92,118.19,118.25,116.65,4,Wednesday
2016-12-29,116.35,117.0,117.53,116.06,4,Thursday
2016-12-30,115.05,116.59,116.83,114.77,4,Friday
2017-01-02,133.23,132.25,133.49,130.68,1,Monday
2017-01-03,137.42,136.47,137.48,136.3,1,Tuesday
2017-01-05,152.46,151.74,152.57,151.42,1,Thursday
2017-01-06,151.53,151.75,152.29,150.3,1,Friday
2017-01-08,169.86,169.82,170.47,169.05,1,Sunday
2017-01-09,172.02,172.4,172.91,171.31,1,Monday
2017-01-11,182.66,182.36,182.9,180.57,1,Wednesday
2017-01-12,175.1,176.03,177.48,172.34,1,Thursday
2017-01-13,128.34,127.49,129.27,127.37,1,Friday
2017-01-17,127.87,128.04,128.34,127.4,1,Tuesday
2017-01-18,127.92,128.41,128.43,126.84,1,Wednesday
2017-01-19,127.55,128.23,128.35,127.45,1,Thursday
2017-01-20,127.04,128.1,128.48,126.78,1,Friday
2017-01-23,128.93,127.31,129.25,126.95,1,Monday
2017-01-24,129.37,129.38,129.9,128.38,1,Tuesday
2017-01-25,131.48,130.0,131.74,129.77,1,Wednesday
2017-01-26,132.78,131.63,133.14,131.44,1,Thursday
2017-01-27,132.18,132.68,132.95,131.08,1,Friday
2017-01-30,130.98,131.58,131.58,129.6,1,Monday
2017-01-31,130.32,130.17,130.66,129.52,1,Tuesday
2017-02-02,130.84,133.22,135.49,130.4,1,Thursday
2017-02-03,136.76,137.09,137.82,136.31,1,Friday
2017-02-05,152.78,153.34,153.44,151.66,1,Sunday
2017-02-06,153.61,151.85,153.63,151.3,1,Monday
2017-02-08,169.3,170.3,170.55,166.91,1,Wednesday
2017-02-10,169.47,171.39,171.87,168.75,1,Friday
2017-02-11,178.92,180.63,181.94,177.34,1,Saturday
2017-02-13,134.05,134.7,134.7,133.7,1,Monday
2017-02-14,133.85,134.1,134.23,132.55,1,Tuesday
2017-02-15,133.44,133.45,133.7,132.66,1,Wednesday
2017-02-16,133.84,133.07,133.87,133.02,1,Thursday
2017-02-17,133.53,133.5,134.09,133.17,1,Friday
2017-02-21,133.72,133.5,133.91,132.9,1,Tuesday
2017-02-22,136.12,133.6,136.79,133.46,1,Wednesday
2017-02-23,135.36,135.89,136.12,134.33,1,Thursday
2017-02-24,135.44,134.16,135.62,134.16,1,Friday
2017-02-27,136.41,135.26,137.18,135.02,1,Monday
2017-02-28,135.54,136.79,136.81,134.75,1,Tuesday
2017-03-01,116.86,116.03,117.84,115.51,1,Wednesday
2017-03-02,130.98,131.24,132.85,130.76,1,Thursday
2017-03-03,137.17,136.63,137.33,136.08,1,Friday
2017-03-04,142.28,141.93,142.47,140.82,1,Saturday
2017-03-05,151.8,153.6,153.6,151.34,1,Sunday
2017-03-07,148.43,151.72,152.15,147.8,1,Tuesday
2017-03-08,168.59,169.3,169.7,168.25,1,Wednesday
2017-03-10,169.96,169.3,170.73,169.2,1,Friday
2017-03-11,178.92,179.29,179.86,176.71,1,Saturday
2017-03-13,139.6,138.71,139.68,138.67,1,Monday
2017-03-14,139.32,139.46,139.46,138.52,1,Tuesday
2017-03-15,139.72,139.29,140.1,138.49,1,Wednesday
2017-03-16,139.99,140.2,140.25,139.73,1,Thursday
2017-03-17,139.84,140.34,140.34,139.7,1,Friday
2017-03-20,139.94,139.71,140.19,139.25,1,Monday
2017-03-21,138.51,141.15,142.31,138.4,1,Tuesday
2017-03-22,139.59,137.93,139.79,137.6,1,Wednesday
2017-03-23,139.53,139.48,140.39,139.09,1,Thursday
2017-03-24,140.34,140.08,141.02,139.76,1,Friday
2017-03-27,140.32,139.05,140.65,138.77,1,Monday
2017-03-28,141.76,140.36,141.95,140.01,1,Tuesday
2017-03-29,142.65,141.99,142.86,141.43,1,Wednesday
2017-03-30,142.41,142.4,142.95,141.85,1,Thursday
2017-03-31,142.05,142.31,142.63,141.89,1,Friday
2017-04-01,118.69,117.55,119.66,117.29,2,Saturday
2017-04-04,141.73,141.86,142.09,141.27,2,Tuesday
2017-04-05,150.85,150.17,151.52,148.72,2,Wednesday
2017-04-08,169.62,168.97,170.06,168.69,2,Saturday
2017-04-10,168.42,169.83,170.67,168.29,2,Monday
2017-04-12,171.47,176.29,176.57,170.79,2,Wednesday
2017-04-13,139.39,139.62,140.58,139.33,2,Thursday
2017-04-17,141.42,139.76,141.55,139.75,2,Monday
2017-04-18,140.96,141.27,141.91,140.61,2,Tuesday
2017-04-19,142.27,141.35,143.04,141.27,2,Wednesday
2017-04-20,143.8,142.95,144.25,142.69,2,Thursday
2017-04-21,143.68,143.9,144.17,142.27,2,Friday
2017-04-24,145.47,144.96,145.67,144.34,2,Monday
2017-04-25,146.49,145.79,147.15,145.79,2,Tuesday
2017-04-26,146.56,147.09,147.59,146.09,2,Wednesday
2017-04-27,147.7,146.67,147.75,146.14,2,Thursday
2017-04-28,150.25,149.5,151.53,149.07,2,Friday
2017-05-01,120.67,118.86,120.95,118.32,2,Monday
2017-05-04,141.85,142.26,143.44,141.29,2,Thursday
2017-05-05,150.24,151.45,151.63,149.79,2,Friday
2017-05-06,153.63,153.64,154.71,153.41,2,Saturday
2017-05-07,150.34,149.0,150.85,148.13,2,Sunday
2017-05-09,170.72,171.27,172.39,169.55,2,Tuesday
2017-05-10,171.24,169.18,171.31,168.6,2,Wednesday
2017-05-12,172.83,170.45,175.38,169.01,2,Friday
2017-05-15,150.19,150.17,151.48,149.77,2,Monday
2017-05-16,149.78,150.11,150.21,149.03,2,Tuesday
2017-05-17,144.85,148.0,148.67,144.42,2,Wednesday
2017-05-18,147.66,144.72,148.15,144.51,2,Thursday
2017-05-19,148.06,148.44,149.39,147.96,2,Friday
2017-05-22,148.24,148.08,148.59,147.69,2,Monday
2017-05-23,148.07,148.52,148.81,147.25,2,Tuesday
2017-05-24,150.04,148.51,150.23,148.42,2,Wednesday
2017-05-25,151.96,150.3,152.59,149.95,2,Thursday
2017-05-26,152.13,152.23,152.25,151.15,2,Friday
2017-05-30,152.38,151.97,152.9,151.64,2,Tuesday
2017-05-31,151.46,152.7,153.35,151.09,2,Wednesday
2017-06-01,123.41,120.98,123.88,120.03,2,Thursday
2017-06-02,132.06,130.98,132.06,130.3,2,Friday
2017-06-03,137.42,136.88,137.83,136.51,2,Saturday
2017-06-04,141.17,142.11,142.22,140.91,2,Sunday
2017-06-06,152.81,153.41,154.52,152.48,2,Tuesday
2017-06-07,148.82,149.03,150.04,148.0,2,Wednesday
2017-06-09,172.09,170.91,172.48,169.57,2,Friday
2017-06-10,172.23,170.25,172.37,169.75,2,Saturday
2017-06-11,180.17,178.56,180.45,178.31,2,Sunday
2017-06-12,176.06,172.5,176.77,171.9,2,Monday
2017-06-13,150.68,150.15,151.18,148.9,2,Tuesday
2017-06-14,150.25,151.26,152.4,149.05,2,Wednesday
2017-06-15,149.8,147.67,150.04,146.37,2,Thursday
2017-06-16,150.64,149.59,150.83,148.6,2,Friday
2017-06-19,152.87,151.71,153.57,151.71,2,Monday
2017-06-20,152.25,152.88,153.84,152.21,2,Tuesday
2017-06-21,153.91,152.36,154.08,151.88,2,Wednesday
2017-06-22,153.4,153.01,154.55,152.91,2,Thursday
2017-06-23,155.07,152.72,155.2,152.65,2,Friday
2017-06-26,153.59,156.25,156.5,153.2,2,Monday
2017-06-27,150.58,152.84,153.31,150.39,2,Tuesday
2017-06-28,153.24,150.92,153.47,149.86,2,Wednesday
2017-06-29,151.04,152.28,152.5,148.92,2,Thursday
2017-06-30,150.98,151.9,151.92,150.06,2,Friday
2017-07-02,131.84,132.24,133.0,131.66,3,Sunday
2017-07-03,137.3,137.03,138.37,136.99,3,Monday
2017-07-04,140.78,141.2,141.55,140.24,3,Tuesday
2017-07-06,153.12,153.27,153.75,152.34,3,Thursday
2017-07-07,151.44,149.25,151.99,149.19,3,Friday
2017-07-08,171.98,169.95,172.06,169.66,3,Saturday
2017-07-09,173.21,171.94,173.31,170.27,3,Sunday
2017-07-11,180.25,180.5,180.75,178.96,3,Tuesday
2017-07-12,180.14,175.8,180.39,175.8,3,Wednesday
2017-07-13,159.26,158.74,159.78,158.42,3,Thursday
2017-07-14,159.97,160.13,160.32,159.33,3,Friday
2017-07-17,159.73,160.25,160.78,158.81,3,Monday
2017-07-18,162.86,159.66,163.73,159.42,3,Tuesday
2017-07-19,164.14,163.59,165.7,163.17,3,Wednesday
2017-07-20,164.53,164.8,165.0,162.81,3,Thursday
2017-07-21,164.43,164.16,165.05,163.75,3,Friday
2017-07-24,166.0,164.64,166.17,164.31,3,Monday
2017-07-25,165.28,165.01,165.54,163.86,3,Tuesday
2017-07-26,165.61,166.01,166.01,164.1,3,Wednesday
2017-07-27,170.44,174.7,175.49,167.5,3,Thursday
2017-07-28,172.45,169.07,173.43,169.05,3,Friday
2017-07-31,169.25,172.0,172.72,168.55,3,Monday
2017-08-02,134.2,132.6,134.44,132.44,3,Wednesday
2017-08-03,137.72,137.15,137.99,137.05,3,Thursday
2017-08-05,151.06,150.71,151.08,149.74,3,Saturday
2017-08-06,154.71,154.08,154.73,153.1,3,Sunday
2017-08-08,171.23,171.88,173.05,170.62,3,Tuesday
2017-08-09,170.95,173.09,173.49,170.8,3,Wednesday
2017-08-11,179.56,179.79,180.35,179.11,3,Friday
2017-08-12,179.0,181.53,182.28,178.74,3,Saturday
2017-08-14,170.75,170.09,171.08,169.29,3,Monday
2017-08-15,171.0,171.49,171.5,170.01,3,Tuesday
2017-08-16,170.0,171.25,171.38,169.24,3,Wednesday
2017-08-17,166.91,169.34,169.86,166.85,3,Thursday
2017-08-18,167.41,166.84,168.67,166.21,3,Friday
2017-08-21,167.78,167.16,168.0,165.82,3,Monday
2017-08-22,169.64,168.28,169.87,167.15,3,Tuesday
2017-08-23,168.71,168.84,169.36,168.2,3,Wednesday
2017-08-24,167.74,168.88,169.29,166.41,3,Thursday
2017-08-25,166.32,167.86,168.38,166.18,3,Friday
2017-08-28,167.24,166.91,167.7,166.33,3,Monday
2017-08-29,168.05,165.25,168.43,165.0,3,Tuesday
2017-08-30,169.92,168.17,170.18,167.63,3,Wednesday
2017-08-31,171.97,170.4,172.15,170.06,3,Thursday
2017-09-01,124.9,123.55,125.43,123.04,3,Friday
2017-09-02,134.14,134.49,134.5,133.31,3,Saturday
2017-09-03,138.24,137.72,138.57,137.4,3,Sunday
2017-09-05,150.48,151.49,152.59,150.21,3,Tuesday
2017-09-06,149.6,154.77,155.59,146.61,3,Wednesday
2017-09-08,171.18,169.98,171.45,169.56,3,Friday
2017-09-10,172.5,172.7,174.88,172.0,3,Sunday
2017-09-11,179.3,178.31,179.4,177.09,3,Monday
2017-09-13,173.05,173.01,173.17,172.06,3,Wednesday
2017-09-14,170.96,172.26,172.28,170.5,3,Thursday
2017-09-15,171.64,170.88,172.34,170.26,3,Friday
2017-09-18,170.01,171.99,172.07,169.34,3,Monday
2017-09-19,172.52,170.62,172.56,170.36,3,Tuesday
2017-09-20,172.17,172.5,173.05,170.7,3,Wednesday
2017-09-21,171.11,171.69,172.27,170.01,3,Thursday
2017-09-22,170.54,170.21,171.73,169.22,3,Friday
2017-09-25,162.87,169.24,169.3,161.56,3,Monday
2017-09-26,164.21,164.5,165.5,162.78,3,Tuesday
2017-09-27,167.68,165.9,168.34,165.57,3,Wednesday
2017-09-28,168.73,167.94,169.07,167.16,3,Thursday
2017-09-29,170.87,168.83,171.66,168.81,3,Friday
2017-10-01,124.35,124.82,125.5,124.28,4,Sunday
2017-10-02,134.19,134.1,134.94,133.68,4,Monday
2017-10-03,138.79,138.91,139.49,138.22,4,Tuesday
2017-10-04,141.04,141.0,141.43,140.63,4,Wednesday
2017-10-05,150.29,150.23,150.52,148.86,4,Thursday
2017-10-07,153.5,151.69,153.98,151.51,4,Saturday
2017-10-08,167.4,170.06,170.59,166.85,4,Sunday
2017-10-10,171.59,173.0,173.2,170.8,4,Tuesday
2017-10-11,178.46,178.35,179.1,177.96,4,Wednesday
2017-10-13,173.74,173.45,174.65,173.2,4,Friday
2017-10-16,174.52,174.49,175.0,174.06,4,Monday
2017-10-17,176.11,174.71,176.13,174.36,4,Tuesday
2017-10-18,176.03,176.65,176.74,175.75,4,Wednesday
2017-10-19,174.56,174.93,176.03,172.63,4,Thursday
2017-10-20,174.98,175.5,175.88,174.63,4,Friday
2017-10-23,171.27,175.2,175.34,171.25,4,Monday
2017-10-24,171.8,172.3,173.24,171.5,4,Tuesday
2017-10-25,170.6,171.9,172.25,168.89,4,Wednesday
2017-10-26,170.63,171.38,172.28,170.39,4,Thursday
2017-10-27,177.88,174.15,178.21,173.9,4,Friday
2017-10-30,179.87,179.26,180.69,177.61,4,Monday
2017-10-31,180.06,180.57,180.8,178.94,4,Tuesday
2017-11-01,126.09,124.35,126.12,124.06,4,Wednesday
2017-11-04,139.92,140.8,141.03,138.81,4,Saturday
2017-11-05,150.04,150.31,150.65,149.41,4,Sunday
2017-11-07,155.27,153.37,155.42,152.91,4,Tuesday
2017-11-08,168.08,167.95,168.82,166.85,4,Wednesday
2017-11-09,173.51,172.4,173.89,172.2,4,Thursday
2017-11-10,172.74,171.95,172.78,171.4,4,Friday
2017-11-12,179.04,179.3,180.22,178.8,4,Sunday
2017-11-13,178.77,177.5,179.04,177.3,4,Monday
2017-11-14,178.07,178.13,178.97,177.18,4,Tuesday
2017-11-15,177.95,176.66,178.57,176.4,4,Wednesday
2017-11-16,179.59,178.76,179.83,178.5,4,Thursday
2017-11-17,179.0,179.3,179.98,178.9,4,Friday
2017-11-20,178.74,178.87,179.5,178.1,4,Monday
2017-11-21,181.86,179.15,181.89,178.99,4,Tuesday
2017-11-22,180.87,181.3,181.73,180.44,4,Wednesday
2017-11-24,182.78,180.4,183.15,180.29,4,Friday
2017-11-27,183.03,182.56,183.73,181.99,4,Monday
2017-11-28,182.42,183.51,184.25,182.09,4,Tuesday
2017-11-29,175.13,181.89,181.97,174.0,4,Wednesday
2017-11-30,177.18,176.85,178.28,175.2,4,Thursday
2017-12-01,126.62,125.61,126.73,124.8,4,Friday
2017-12-04,139.58,139.72,140.4,139.44,4,Monday
2017-12-05,150.33,150.4,150.46,149.63,4,Tuesday
2017-12-06,148.44,148.17,149.19,144.56,4,Wednesday
2017-12-07,158.9,156.49,159.16,156.2,4,Thursday
2017-12-09,172.96,173.76,174.0,171.75,4,Saturday
2017-12-10,172.55,172.61,173.85,172.29,4,Sunday
2017-12-12,176.96,178.6,179.18,176.6,4,Tuesday
2017-12-13,178.3,177.3,179.16,177.25,4,Wednesday
2017-12-14,178.39,178.29,180.36,177.68,4,Thursday
2017-12-15,180.18,179.02,180.49,178.36,4,Friday
2017-12-18,180.82,181.01,181.3,179.75,4,Monday
2017-12-19,179.51,179.95,180.08,178.22,4,Tuesday
2017-12-20,177.89,179.81,179.81,177.36,4,Wednesday
2017-12-21,177.45,177.94,178.68,177.05,4,Thursday
2017-12-22,177.2,177.14,177.53,176.23,4,Friday
2017-12-26,175.99,176.63,177.0,174.67,4,Tuesday
2017-12-27,177.62,176.55,178.44,176.26,4,Wednesday
2017-12-28,177.92,177.95,178.94,177.68,4,Thursday
2017-12-29,176.46,178.0,178.85,176.46,4,Friday
